Date,3MTBILL,10YT,103SPREAD,BBBYIELD,BBBOASPREAD,SP500,WTI,W875RX1,VIXCLS,RECPROUSM156N,DXY,y_nber,y_oecd,y_agg
1934-01-01,0.72,,,,,11.17,,,,,,0,,
1934-02-01,0.62,,,,,10.76,,,,,,0,,
1934-03-01,0.24,,,,,10.62,,,,,,0,,
1934-04-01,0.15,,,,,10.46,,,,,,0,,
1934-05-01,0.16,,,,,9.61,,,,,,0,,
1934-06-01,0.15,,,,,9.81,,,,,,0,,
1934-07-01,0.15,,,,,8.68,,,,,,0,,
1934-08-01,0.19,,,,,9.15,,,,,,0,,
1934-09-01,0.21,,,,,9.08,,,,,,0,,
1934-10-01,0.27,,,,,8.81,,,,,,0,,
1934-11-01,0.25,,,,,9.54,,,,,,0,,
1934-12-01,0.23,,,,,9.5,,,,,,0,,
1935-01-01,0.2,,,,,9.1,,,,,,0,,
1935-02-01,0.19,,,,,8.74,,,,,,0,,
1935-03-01,0.15,,,,,8.45,,,,,,0,,
1935-04-01,0.15,,,,,9.28,,,,,,0,,
1935-05-01,0.15,,,,,9.58,,,,,,0,,
1935-06-01,0.15,,,,,10.24,,,,,,0,,
1935-07-01,0.15,,,,,11.08,,,,,,0,,
1935-08-01,0.16,,,,,11.24,,,,,,0,,
1935-09-01,0.2,,,,,11.59,,,,,,0,,
1935-10-01,0.2,,,,,12.46,,,,,,0,,
1935-11-01,0.16,,,,,12.94,,,,,,0,,
1935-12-01,0.15,,,,,13.43,,,,,,0,,
1936-01-01,0.2,,,,,14.31,,,,,,0,,
1936-02-01,0.2,,,,,14.6,,,,,,0,,
1936-03-01,0.2,,,,,14.92,,,,,,0,,
1936-04-01,0.2,,,,,13.77,,,,,,0,,
1936-05-01,0.2,,,,,14.4,,,,,,0,,
1936-06-01,0.2,,,,,14.84,,,,,,0,,
1936-07-01,0.15,,,,,15.85,,,,,,0,,
1936-08-01,0.2,,,,,15.99,,,,,,0,,
1936-09-01,0.16,,,,,16.01,,,,,,0,,
1936-10-01,0.13,,,,,17.23,,,,,,0,,
1936-11-01,0.11,,,,,17.28,,,,,,0,,
1936-12-01,0.12,,,,,17.18,,,,,,0,,
1937-01-01,0.17,,,,,17.77,,,,,,0,,
1937-02-01,0.15,,,,,18.06,,,,,,0,,
1937-03-01,0.38,,,,,17.92,,,,,,0,,
1937-04-01,0.56,,,,,16.43,,,,,,0,,
1937-05-01,0.41,,,,,16.26,,,,,,0,,
1937-06-01,0.36,,,,,15.4,,,,,,1,,
1937-07-01,0.28,,,,,16.77,,,,,,1,,
1937-08-01,0.29,,,,,16.04,,,,,,1,,
1937-09-01,0.31,,,,,13.76,,,,,,1,,
1937-10-01,0.2,,,,,12.35,,,,,,1,,
1937-11-01,0.09,,,,,11.11,,,,,,1,,
1937-12-01,0.11,,,,,10.55,,,,,,1,,
1938-01-01,0.1,,,,,10.69,,,,,,1,,
1938-02-01,0.08,,,,,11.34,,,,,,1,,
1938-03-01,0.08,,,,,8.5,,,,,,1,,
1938-04-01,0.09,,,,,9.78,,,,,,1,,
1938-05-01,0.05,,,,,9.27,,,,,,1,,
1938-06-01,0.05,,,,,11.56,,,,,,1,,
1938-07-01,0.07,,,,,12.33,,,,,,0,,
1938-08-01,0.06,,,,,12.06,,,,,,0,,
1938-09-01,0.08,,,,,12.24,,,,,,0,,
1938-10-01,0.05,,,,,13.17,,,,,,0,,
1938-11-01,0.04,,,,,12.73,,,,,,0,,
1938-12-01,0.03,,,,,13.14,,,,,,0,,
1939-01-01,0.03,,,,,12.3,,,,,,0,,
1939-02-01,0.03,,,,,12.7,,,,,,0,,
1939-03-01,0.03,,,,,10.98,,,,,,0,,
1939-04-01,0.03,,,,,10.93,,,,,,0,,
1939-05-01,0.03,,,,,11.6,,,,,,0,,
1939-06-01,0.03,,,,,10.86,,,,,,0,,
1939-07-01,0.04,,,,,12.04,,,,,,0,,
1939-08-01,0.05,,,,,11.18,,,,,,0,,
1939-09-01,0.14,,,,,12.79,,,,,,0,,
1939-10-01,0.05,,,,,12.83,,,,,,0,,
1939-11-01,0.05,,,,,12.2,,,,,,0,,
1939-12-01,0.04,,,,,12.46,,,,,,0,,
1940-01-01,0.01,,,,,12.05,,,,,,0,,
1940-02-01,0.02,,,,,12.13,,,,,,0,,
1940-03-01,0.02,,,,,12.18,,,,,,0,,
1940-04-01,0.02,,,,,12.19,,,,,,0,,
1940-05-01,0.06,,,,,9.27,,,,,,0,,
1940-06-01,0.1,,,,,9.98,,,,,,0,,
1940-07-01,0.05,,,,,10.29,,,,,,0,,
1940-08-01,0.04,,,,,10.5,,,,,,0,,
1940-09-01,0.05,,,,,10.66,,,,,,0,,
1940-10-01,0.02,,,,,11.08,,,,,,0,,
1940-11-01,0.02,,,,,10.57,,,,,,0,,
1940-12-01,0.02,,,,,10.58,,,,,,0,,
1941-01-01,0.02,,,,,10.07,,,,,,0,,
1941-02-01,0.04,,,,,9.92,,,,,,0,,
1941-03-01,0.11,,,,,9.96,,,,,,0,,
1941-04-01,0.1,,,,,9.31,,,,,,0,,
1941-05-01,0.11,,,,,9.38,,,,,,0,,
1941-06-01,0.12,,,,,9.85,,,,,,0,,
1941-07-01,0.12,,,,,10.39,,,,,,0,,
1941-08-01,0.13,,,,,10.28,,,,,,0,,
1941-09-01,0.1,,,,,10.2,,,,,,0,,
1941-10-01,0.09,,,,,9.5,,,,,,0,,
1941-11-01,0.28,,,,,9.12,,,,,,0,,
1941-12-01,0.33,,,,,8.69,,,,,,0,,
1942-01-01,0.27,,,,,8.85,,,,,,0,,
1942-02-01,0.25,,,,,8.59,,,,,,0,,
1942-03-01,0.25,,,,,8.01,,,,,,0,,
1942-04-01,0.32,,,,,7.66,,,,,,0,,
1942-05-01,0.37,,,,,8.15,,,,,,0,,
1942-06-01,0.37,,,,,8.3,,,,,,0,,
1942-07-01,0.38,,,,,8.56,,,,,,0,,
1942-08-01,0.38,,,,,8.62,,,,,,0,,
1942-09-01,0.38,,,,,8.85,,,,,,0,,
1942-10-01,0.38,,,,,9.36,,,,,,0,,
1942-11-01,0.38,,,,,9.29,,,,,,0,,
1942-12-01,0.38,,,,,9.77,,,,,,0,,
1943-01-01,0.38,,,,,10.44,,,,,,0,,
1943-02-01,0.38,,,,,10.97,,,,,,0,,
1943-03-01,0.38,,,,,11.58,,,,,,0,,
1943-04-01,0.38,,,,,11.59,,,,,,0,,
1943-05-01,0.38,,,,,12.05,,,,,,0,,
1943-06-01,0.38,,,,,12.35,,,,,,0,,
1943-07-01,0.38,,,,,11.85,,,,,,0,,
1943-08-01,0.38,,,,,11.8,,,,,,0,,
1943-09-01,0.38,,,,,12.08,,,,,,0,,
1943-10-01,0.38,,,,,11.91,,,,,,0,,
1943-11-01,0.38,,,,,11.02,,,,,,0,,
1943-12-01,0.38,,,,,11.67,,,,,,0,,
1944-01-01,0.38,,,,,11.85,,,,,,0,,
1944-02-01,0.38,,,,,11.82,,,,,,0,,
1944-03-01,0.38,,,,,12.02,,,,,,0,,
1944-04-01,0.38,,,,,11.87,,,,,,0,,
1944-05-01,0.38,,,,,12.35,,,,,,0,,
1944-06-01,0.38,,,,,12.98,,,,,,0,,
1944-07-01,0.38,,,,,12.71,,,,,,0,,
1944-08-01,0.38,,,,,12.82,,,,,,0,,
1944-09-01,0.38,,,,,12.74,,,,,,0,,
1944-10-01,0.38,,,,,12.78,,,,,,0,,
1944-11-01,0.38,,,,,12.83,,,,,,0,,
1944-12-01,0.38,,,,,13.28,,,,,,0,,
1945-01-01,0.38,,,,,13.47,,,,,,0,,
1945-02-01,0.38,,,,,14.3,,,,,,0,,
1945-03-01,0.38,,,,,13.61,,,,,,1,,
1945-04-01,0.38,,,,,14.84,,,,,,1,,
1945-05-01,0.38,,,,,15.01,,,,,,1,,
1945-06-01,0.38,,,,,14.87,,,,,,1,,
1945-07-01,0.38,,,,,14.66,,,,,,1,,
1945-08-01,0.38,,,,,15.51,,,,,,1,,
1945-09-01,0.38,,,,,16.05,,,,,,1,,
1945-10-01,0.38,,,,,16.65,,,,,,1,,
1945-11-01,0.38,,,,,17.19,,,,,,0,,
1945-12-01,0.38,,,,,17.36,,,,,,0,,
1946-01-01,0.38,,,,,18.57,1.17,,,,,0,,
1946-02-01,0.38,,,,,17.28,1.17,,,,,0,,
1946-03-01,0.38,,,,,18.04,1.17,,,,,0,,
1946-04-01,0.38,,,,,18.76,1.27,,,,,0,,
1946-05-01,0.38,,,,,19.18,1.27,,,,,0,,
1946-06-01,0.38,,,,,18.43,1.27,,,,,0,,
1946-07-01,0.38,,,,,17.96,1.27,,,,,0,,
1946-08-01,0.38,,,,,16.65,1.52,,,,,0,,
1946-09-01,0.38,,,,,14.96,1.52,,,,,0,,
1946-10-01,0.38,,,,,14.84,1.52,,,,,0,,
1946-11-01,0.38,,,,,14.68,1.52,,,,,0,,
1946-12-01,0.38,,,,,15.3,1.62,,,,,0,,
1947-01-01,0.38,,,,,15.66,1.62,,,,,0,,
1947-02-01,0.38,,,,,15.43,1.62,,,,,0,,
1947-03-01,0.38,,,,,15.17,1.62,,,,,0,,
1947-04-01,0.38,,,,,14.58,1.87,,,,,0,,
1947-05-01,0.38,,,,,14.45,1.87,,,,,0,,
1947-06-01,0.38,,,,,15.21,1.87,,,,,0,,
1947-07-01,0.66,,,,,15.76,1.87,,,,,0,,
1947-08-01,0.75,,,,,15.32,1.87,,,,,0,,
1947-09-01,0.8,,,,,15.11,1.87,,,,,0,,
1947-10-01,0.85,,,,,15.43,1.87,,,,,0,,
1947-11-01,0.92,,,,,14.98,2.07,,,,,0,,
1947-12-01,0.95,,,,,15.3,2.07,,,,,0,,
1948-01-01,0.97,,,,,14.68,2.57,,,,,0,,
1948-02-01,1,,,,,13.93,2.57,,,,,0,,
1948-03-01,1,,,,,15.08,2.57,,,,,0,,
1948-04-01,1,,,,,15.48,2.57,,,,,0,,
1948-05-01,1,,,,,16.69,2.57,,,,,0,,
1948-06-01,1,,,,,16.74,2.57,,,,,0,,
1948-07-01,1,,,,,15.85,2.57,,,,,0,,
1948-08-01,1.06,,,,,15.97,2.57,,,,,0,,
1948-09-01,1.09,,,,,15.49,2.57,,,,,0,,
1948-10-01,1.12,,,,,16.5,2.57,,,,,0,,
1948-11-01,1.14,,,,,14.75,2.57,,,,,0,,
1948-12-01,1.16,,,,,15.2,2.57,,,,,1,,
1949-01-01,1.17,,,,,15.22,2.57,,,,,1,,
1949-02-01,1.17,,,,,14.62,2.57,,,,,1,,
1949-03-01,1.17,,,,,15.06,2.57,,,,,1,,
1949-04-01,1.17,,,,,14.71,2.57,,,,,1,,
1949-05-01,1.17,,,,,14.19,2.57,,,,,1,,
1949-06-01,1.17,,,,,14.16,2.57,,,,,1,,
1949-07-01,1.02,,,,,15.04,2.57,,,,,1,,
1949-08-01,1.04,,,,,15.22,2.57,,,,,1,,
1949-09-01,1.07,,,,,15.58,2.57,,,,,1,,
1949-10-01,1.05,,,,,16.04,2.57,,,,,1,1,2
1949-11-01,1.08,,,,,16.06,2.57,,,,,0,0,0
1949-12-01,1.1,,,,,16.79,2.57,,,,,0,0,0
1950-01-01,1.07,,,,,17.05,2.57,,,,,0,0,0
1950-02-01,1.12,,,,,17.22,2.57,,,,,0,0,0
1950-03-01,1.12,,,,,17.29,2.57,,,,,0,0,0
1950-04-01,1.15,,,,,17.96,2.57,,,,,0,0,0
1950-05-01,1.16,,,,,18.78,2.57,,,,,0,0,0
1950-06-01,1.15,,,,,17.69,2.57,,,,,0,0,0
1950-07-01,1.16,,,,,17.84,2.57,,,,,0,0,0
1950-08-01,1.2,,,,,18.42,2.57,,,,,0,0,0
1950-09-01,1.3,,,,,19.45,2.57,,,,,0,0,0
1950-10-01,1.31,,,,,19.53,2.57,,,,,0,0,0
1950-11-01,1.36,,,,,19.51,2.57,,,,,0,0,0
1950-12-01,1.34,,,,,20.43,2.57,,,,,0,0,0
1951-01-01,1.34,,,,,21.66,2.57,,,,,0,0,0
1951-02-01,1.36,,,,,21.8,2.57,,,,,0,0,0
1951-03-01,1.4,,,,,21.48,2.57,,,,,0,0,0
1951-04-01,1.47,,,,,22.43,2.57,,,,,0,0,0
1951-05-01,1.55,,,,,21.52,2.57,,,,,0,0,0
1951-06-01,1.45,,,,,20.96,2.57,,,,,0,0,0
1951-07-01,1.56,,,,,22.4,2.57,,,,,0,0,0
1951-08-01,1.62,,,,,23.28,2.57,,,,,0,0,0
1951-09-01,1.63,,,,,23.26,2.57,,,,,0,1,1
1951-10-01,1.54,,,,,22.94,2.57,,,,,0,1,1
1951-11-01,1.56,,,,,22.88,2.57,,,,,0,1,1
1951-12-01,1.73,,,,,23.77,2.57,,,,,0,1,1
1952-01-01,1.57,,,,,24.14,2.57,,,,,0,1,1
1952-02-01,1.54,,,,,23.26,2.57,,,,,0,1,1
1952-03-01,1.59,,,,,24.37,2.57,,,,,0,1,1
1952-04-01,1.57,,,,,23.32,2.57,,,,,0,1,1
1952-05-01,1.67,,,,,23.86,2.57,,,,,0,1,1
1952-06-01,1.7,,,,,24.96,2.57,,,,,0,1,1
1952-07-01,1.81,,,,,25.4,2.57,,,,,0,1,1
1952-08-01,1.83,,,,,25.03,2.57,,,,,0,1,1
1952-09-01,1.71,,,,,24.54,2.57,,,,,0,1,1
1952-10-01,1.74,,,,,24.52,2.57,,,,,0,1,1
1952-11-01,1.85,,,,,25.66,2.57,,,,,0,1,1
1952-12-01,2.09,,,,,26.57,2.57,,,,,0,1,1
1953-01-01,1.96,,,,,26.38,2.57,,,,,0,1,1
1953-02-01,1.97,,,,,25.9,2.57,,,,,0,1,1
1953-03-01,2.01,,,,,25.29,2.57,,,,,0,1,1
1953-04-01,2.19,,,,,24.62,2.57,,,,,0,1,1
1953-05-01,2.16,,,,,24.54,2.57,,,,,0,1,1
1953-06-01,2.11,,,,,24.14,2.82,,,,,0,1,1
1953-07-01,2.04,,,,,24.75,2.82,,,,,0,1,1
1953-08-01,2.04,,,,,23.32,2.82,,,,,1,1,2
1953-09-01,1.79,,,,,23.35,2.82,,,,,1,1,2
1953-10-01,1.38,,,,,24.54,2.82,,,,,1,1,2
1953-11-01,1.44,,,,,24.76,2.82,,,,,1,1,2
1953-12-01,1.6,,,,,24.81,2.82,,,,,1,1,2
1954-01-01,1.18,,,,,26.08,2.82,,,,,1,1,2
1954-02-01,0.97,,,,,26.15,2.82,,,,,1,1,2
1954-03-01,1.03,,,,,26.94,2.82,,,,,1,1,2
1954-04-01,0.97,,,,,28.26,2.82,,,,,1,1,2
1954-05-01,0.76,,,,,29.19,2.82,,,,,1,1,2
1954-06-01,0.64,,,,,29.21,2.82,,,,,0,1,1
1954-07-01,0.72,,,,,30.88,2.82,,,,,0,0,0
1954-08-01,0.92,,,,,29.83,2.82,,,,,0,0,0
1954-09-01,1.01,,,,,32.31,2.82,,,,,0,0,0
1954-10-01,0.98,,,,,31.68,2.82,,,,,0,0,0
1954-11-01,0.93,,,,,34.24,2.82,,,,,0,0,0
1954-12-01,1.15,,,,,35.98,2.82,,,,,0,0,0
1955-01-01,1.22,,,,,36.63,2.82,,,,,0,0,0
1955-02-01,1.17,,,,,36.76,2.82,,,,,0,0,0
1955-03-01,1.28,,,,,36.58,2.82,,,,,0,0,0
1955-04-01,1.59,,,,,37.96,2.82,,,,,0,0,0
1955-05-01,1.45,,,,,37.91,2.82,,,,,0,0,0
1955-06-01,1.41,,,,,41.03,2.82,,,,,0,0,0
1955-07-01,1.6,,,,,43.52,2.82,,,,,0,0,0
1955-08-01,1.9,,,,,43.18,2.82,,,,,0,0,0
1955-09-01,2.07,,,,,43.67,2.82,,,,,0,0,0
1955-10-01,2.23,,,,,42.34,2.82,,,,,0,1,1
1955-11-01,2.24,,,,,45.51,2.82,,,,,0,1,1
1955-12-01,2.54,,,,,45.48,2.82,,,,,0,1,1
1956-01-01,2.41,,,,,43.82,2.82,,,,,0,1,1
1956-02-01,2.32,,,,,45.34,2.82,,,,,0,1,1
1956-03-01,2.25,,,,,48.48,2.82,,,,,0,1,1
1956-04-01,2.6,,,,,48.38,2.82,,,,,0,1,1
1956-05-01,2.61,,,,,45.2,2.82,,,,,0,1,1
1956-06-01,2.49,,,,,46.97,2.82,,,,,0,1,1
1956-07-01,2.31,,,,,49.39,2.82,,,,,0,1,1
1956-08-01,2.6,,,,,47.51,2.82,,,,,0,1,1
1956-09-01,2.84,,,,,45.35,2.82,,,,,0,1,1
1956-10-01,2.9,,,,,45.58,2.82,,,,,0,1,1
1956-11-01,2.99,,,,,45.08,2.82,,,,,0,1,1
1956-12-01,3.21,,,,,46.67,2.82,,,,,0,1,1
1957-01-01,3.11,,,,,44.72,2.82,,,,,0,1,1
1957-02-01,3.1,,,,,43.26,3.07,,,,,0,1,1
1957-03-01,3.08,,,,,44.11,3.07,,,,,0,1,1
1957-04-01,3.07,,,,,45.74,3.07,,,,,0,1,1
1957-05-01,3.06,,,,,47.43,3.07,,,,,0,1,1
1957-06-01,3.29,,,,,47.37,3.07,,,,,0,1,1
1957-07-01,3.16,,,,,47.91,3.07,,,,,0,1,1
1957-08-01,3.37,,,,,45.22,3.07,,,,,0,1,1
1957-09-01,3.53,,,,,42.42,3.07,,,,,1,1,2
1957-10-01,3.58,,,,,41.06,3.07,,,,,1,1,2
1957-11-01,3.31,,,,,41.72,3.07,,,,,1,1,2
1957-12-01,3.04,,,,,39.99,3,,,,,1,1,2
1958-01-01,2.44,,,,,41.7,3.07,,,,,1,1,2
1958-02-01,1.53,,,,,40.84,3.07,,,,,1,1,2
1958-03-01,1.3,,,,,42.1,3.07,,,,,1,1,2
1958-04-01,1.13,,,,,43.44,3.07,,,,,1,1,2
1958-05-01,0.91,,,,,44.09,3.07,,,,,0,0,0
1958-06-01,0.83,,,,,45.24,3.07,,,,,0,0,0
1958-07-01,0.91,,,,,47.19,3.07,,,,,0,0,0
1958-08-01,1.69,,,,,47.75,3.07,,,,,0,0,0
1958-09-01,2.44,,,,,50.06,3.07,,,,,0,0,0
1958-10-01,2.63,,,,,51.33,3.07,,,,,0,0,0
1958-11-01,2.67,,,,,52.48,3,,,,,0,0,0
1958-12-01,2.77,,,,,55.21,3,,,,,0,0,0
1959-01-01,2.82,,,,,55.42,3,2293.2,,,,0,0,0
1959-02-01,2.7,,,,,55.41,3,2301.5,,,,0,0,0
1959-03-01,2.8,,,,,55.44,2.97,2318.5,,,,0,0,0
1959-04-01,2.95,,,,,57.59,2.97,2334.9,,,,0,0,0
1959-05-01,2.84,,,,,58.68,2.97,2350.4,,,,0,0,0
1959-06-01,3.21,,,,,58.47,2.97,2357.4,,,,0,0,0
1959-07-01,3.2,,,,,60.51,2.97,2355.6,,,,0,1,1
1959-08-01,3.38,,,,,59.6,2.97,2342.1,,,,0,1,1
1959-09-01,4.04,,,,,56.88,2.97,2342.1,,,,0,1,1
1959-10-01,4.05,,,,,57.52,2.97,2344.8,,,,0,1,1
1959-11-01,4.15,,,,,58.28,2.97,2360.6,,,,0,1,1
1959-12-01,4.49,,,,,59.89,2.97,2387.6,,,,0,1,1
1960-01-01,4.35,,,,,55.61,2.97,2398.7,,,,0,1,1
1960-02-01,3.96,,,,,56.12,2.97,2400.9,,,,0,1,1
1960-03-01,3.31,,,,,55.34,2.97,2403.1,,,,0,1,1
1960-04-01,3.23,,,,,54.37,2.97,2411.8,,,,0,1,1
1960-05-01,3.29,,,,,55.83,2.97,2417.7,,,,1,1,2
1960-06-01,2.46,,,,,56.92,2.97,2417.1,,,,1,1,2
1960-07-01,2.3,,,,,55.51,2.97,2421.7,,,,1,1,2
1960-08-01,2.3,,,,,56.96,2.97,2415.5,,,,1,1,2
1960-09-01,2.48,,,,,53.52,2.97,2416.2,,,,1,1,2
1960-10-01,2.3,,,,,53.39,2.97,2423.8,,,,1,1,2
1960-11-01,2.37,,,,,55.54,2.97,2409.9,,,,1,1,2
1960-12-01,2.25,,,,,58.11,2.97,2395.8,,,,1,1,2
1961-01-01,2.24,,,,,61.78,2.97,2416.7,,,,1,1,2
1961-02-01,2.42,,,,,63.44,2.97,2416.9,,,,1,1,2
1961-03-01,2.39,,,,,65.06,2.97,2428.8,,,,0,0,0
1961-04-01,2.29,,,,,65.31,2.97,2437.2,,,,0,0,0
1961-05-01,2.29,,,,,66.56,2.97,2451.7,,,,0,0,0
1961-06-01,2.33,,,,,64.64,2.97,2471.4,,,,0,0,0
1961-07-01,2.24,,,,,66.76,2.97,2477.3,,,,0,0,0
1961-08-01,2.39,,,,,68.07,2.97,2487.8,,,,0,0,0
1961-09-01,2.28,,,,,66.73,2.97,2492.7,,,,0,0,0
1961-10-01,2.3,,,,,68.62,2.97,2519.4,,,,0,0,0
1961-11-01,2.48,,,,,71.32,2.97,2542.5,,,,0,0,0
1961-12-01,2.6,,,,,71.55,2.97,2556.5,,,,0,0,0
1962-01-01,2.72,4.08,1.36,,,68.84,2.97,2553,,,,0,0,0
1962-02-01,2.73,4.04,1.31,,,69.96,2.97,2565.3,,,,0,0,0
1962-03-01,2.72,3.93,1.21,,,69.55,2.97,2582.4,,,,0,0,0
1962-04-01,2.73,3.84,1.11,,,65.24,2.97,2598.5,,,,0,1,1
1962-05-01,2.69,3.87,1.18,,,59.63,2.97,2602.2,,,,0,1,1
1962-06-01,2.73,3.91,1.18,,,54.75,2.97,2605.5,,,,0,1,1
1962-07-01,2.92,4.01,1.09,,,58.23,2.97,2617.8,,,,0,1,1
1962-08-01,2.82,3.98,1.16,,,59.12,2.97,2620.8,,,,0,1,1
1962-09-01,2.78,3.98,1.2,,,56.27,2.97,2623.9,,,,0,1,1
1962-10-01,2.74,3.93,1.19,,,56.52,2.97,2632.6,,,,0,1,1
1962-11-01,2.83,3.92,1.09,,,62.26,2.97,2645.1,,,,0,1,1
1962-12-01,2.87,3.86,0.99,,,63.1,2.97,2659.1,,,,0,1,1
1963-01-01,2.91,3.83,0.92,,,66.2,2.97,2652.8,,,,0,1,1
1963-02-01,2.92,3.92,1,,,64.29,2.97,2659.7,,,,0,1,1
1963-03-01,2.89,3.93,1.04,,,66.57,2.97,2671.6,,,,0,1,1
1963-04-01,2.9,3.97,1.07,,,69.8,2.97,2679.1,,,,0,0,0
1963-05-01,2.93,3.93,1,,,70.8,2.97,2690.6,,,,0,0,0
1963-06-01,2.99,3.99,1,,,69.37,2.97,2704.4,,,,0,0,0
1963-07-01,3.18,4.02,0.84,,,69.13,2.97,2706,,,,0,0,0
1963-08-01,3.32,4,0.68,,,72.5,2.97,2715.7,,,,0,0,0
1963-09-01,3.38,4.08,0.7,,,71.7,2.97,2734.6,,,,0,0,0
1963-10-01,3.45,4.11,0.66,,,74.01,2.97,2749.7,,,,0,0,0
1963-11-01,3.52,4.12,0.6,,,73.23,2.97,2756.2,,,,0,0,0
1963-12-01,3.52,4.13,0.61,,,75.02,2.97,2775.9,,,,0,0,0
1964-01-01,3.52,4.17,0.65,,,77.04,2.97,2775.6,,,,0,0,0
1964-02-01,3.53,4.15,0.62,,,77.8,2.97,2800.5,,,,0,0,0
1964-03-01,3.54,4.22,0.68,,,78.98,2.97,2814.8,,,,0,0,0
1964-04-01,3.47,4.23,0.76,,,79.46,2.97,2832,,,,0,0,0
1964-05-01,3.48,4.2,0.72,,,80.37,2.97,2849.9,,,,0,0,0
1964-06-01,3.48,4.17,0.69,,,81.69,2.97,2861,,,,0,0,0
1964-07-01,3.46,4.19,0.73,,,83.18,2.92,2876.5,,,,0,0,0
1964-08-01,3.5,4.19,0.69,,,81.83,2.92,2894,,,,0,0,0
1964-09-01,3.53,4.2,0.67,,,84.18,2.92,2906.2,,,,0,0,0
1964-10-01,3.57,4.19,0.62,,,84.86,2.92,2908,,,,0,0,0
1964-11-01,3.64,4.15,0.51,,,84.42,2.92,2929.5,,,,0,0,0
1964-12-01,3.84,4.18,0.34,,,84.75,2.92,2957.7,,,,0,0,0
1965-01-01,3.81,4.19,0.38,,,87.56,2.92,2962.9,,,,0,0,0
1965-02-01,3.93,4.21,0.28,,,87.43,2.92,2979.2,,,,0,0,0
1965-03-01,3.93,4.21,0.28,,,86.16,2.92,2993.9,,,,0,0,0
1965-04-01,3.93,4.2,0.27,,,89.11,2.92,3004.9,,,,0,0,0
1965-05-01,3.89,4.21,0.32,,,88.42,2.92,3024.2,,,,0,0,0
1965-06-01,3.8,4.21,0.41,,,84.12,2.92,3033.1,,,,0,0,0
1965-07-01,3.84,4.2,0.36,,,85.25,2.92,3053.6,,,,0,0,0
1965-08-01,3.84,4.25,0.41,,,87.17,2.92,3069.8,,,,0,0,0
1965-09-01,3.92,4.29,0.37,,,89.96,2.92,3089.8,,,,0,0,0
1965-10-01,4.03,4.35,0.32,,,92.42,2.92,3124.4,,,,0,0,0
1965-11-01,4.09,4.45,0.36,,,91.61,2.92,3146.4,,,,0,0,0
1965-12-01,4.38,4.62,0.24,,,92.43,2.92,3163.3,,,,0,0,0
1966-01-01,4.59,4.61,0.02,,,92.88,2.92,3170.1,,,,0,0,0
1966-02-01,4.65,4.83,0.18,,,91.22,2.92,3186.3,,,,0,0,0
1966-03-01,4.59,4.87,0.28,,,89.23,2.92,3203.8,,,,0,0,0
1966-04-01,4.62,4.75,0.13,,,91.06,2.92,3202.6,,,,0,1,1
1966-05-01,4.64,4.78,0.14,,,86.13,2.92,3213.5,,,,0,1,1
1966-06-01,4.5,4.81,0.31,,,84.74,2.92,3232.2,,,,0,1,1
1966-07-01,4.8,5.02,0.22,,,83.6,2.92,3246.6,,,,0,1,1
1966-08-01,4.96,5.22,0.26,,,77.1,2.92,3255.6,,,,0,1,1
1966-09-01,5.37,5.18,-0.19,,,76.56,2.97,3264.4,,,,0,1,1
1966-10-01,5.35,5.01,-0.34,,,80.2,2.97,3278.6,,,,0,1,1
1966-11-01,5.32,5.16,-0.16,,,80.45,2.97,3291.8,,,,0,1,1
1966-12-01,4.96,4.84,-0.12,,,80.33,2.97,3287.6,,,,0,1,1
1967-01-01,4.72,4.58,-0.14,,,86.61,2.97,3316.2,,,,0,1,1
1967-02-01,4.56,4.63,0.07,,,86.78,3,3315.6,,,,0,1,1
1967-03-01,4.26,4.54,0.28,,,90.2,3,3328.4,,,,0,1,1
1967-04-01,3.84,4.59,0.75,,,94.01,3,3329.4,,,,0,1,1
1967-05-01,3.6,4.85,1.25,,,89.08,3,3334.5,,,,0,1,1
1967-06-01,3.54,5.02,1.48,,,90.64,3,3347.6,,,,0,1,1
1967-07-01,4.21,5.16,0.95,,,94.75,3,3362.9,,,,0,1,1
1967-08-01,4.27,5.28,1.01,,,93.64,3.07,3377.4,,,,0,1,1
1967-09-01,4.42,5.3,0.88,,,96.71,3.07,3382.1,,,,0,1,1
1967-10-01,4.56,5.48,0.92,,,93.9,3.07,3383.2,,,,0,0,0
1967-11-01,4.73,5.75,1.02,,,94,3.07,3404.5,,,,0,0,0
1967-12-01,4.97,5.7,0.73,,,96.47,3.07,3413.7,,,,0,0,0
1968-01-01,5,5.53,0.53,,,92.24,3.07,3430.6,,,,0,0,0
1968-02-01,4.98,5.56,0.58,,,89.36,3.07,3458.7,,,,0,0,0
1968-03-01,5.17,5.74,0.57,,,90.2,3.07,3475.6,,,,0,0,0
1968-04-01,5.38,5.64,0.26,,,97.59,3.07,3486.1,,,,0,0,0
1968-05-01,5.66,5.87,0.21,,,98.68,3.07,3507.5,,,,0,0,0
1968-06-01,5.52,5.72,0.2,,,99.58,3.07,3524.5,,,,0,0,0
1968-07-01,5.31,5.5,0.19,,,97.74,3.07,3546,,,,0,0,0
1968-08-01,5.09,5.42,0.33,,,98.86,3.07,3559.3,,,,0,0,0
1968-09-01,5.19,5.46,0.27,,,102.67,3.07,3577.9,,,,0,0,0
1968-10-01,5.35,5.58,0.23,,,103.41,3.07,3583.1,,,,0,0,0
1968-11-01,5.45,5.7,0.25,,,108.37,3.07,3599.5,,,,0,0,0
1968-12-01,5.96,6.03,0.07,,,103.86,3.07,3614.1,,,,0,0,0
1969-01-01,6.14,6.04,-0.1,,,103.01,3.07,3615,,,,0,0,0
1969-02-01,6.12,6.19,0.07,,,98.13,3.07,3630,,,,0,0,0
1969-03-01,6.02,6.3,0.28,,,101.51,3.25,3647.9,,,,0,0,0
1969-04-01,6.11,6.17,0.06,,,103.69,3.35,3657,,,,0,1,1
1969-05-01,6.04,6.32,0.28,,,103.46,3.35,3671.7,,,,0,1,1
1969-06-01,6.44,6.57,0.13,,,97.71,3.35,3686,,,,0,1,1
1969-07-01,7,6.72,-0.28,,,91.83,3.35,3706.2,,,,0,1,1
1969-08-01,6.98,6.69,-0.29,,,95.51,3.35,3729.3,,,,0,1,1
1969-09-01,7.09,7.16,0.07,,,93.12,3.35,3739.3,,,,0,1,1
1969-10-01,7,7.1,0.1,,,97.24,3.35,3744.8,,,,0,1,1
1969-11-01,7.24,7.14,-0.1,,,93.81,3.35,3748.8,,,,0,1,1
1969-12-01,7.82,7.65,-0.17,,,92.06,3.35,3755.4,,,,0,1,1
1970-01-01,7.87,7.79,-0.08,,,85.02,3.35,3761.7,,,,1,1,2
1970-02-01,7.13,7.24,0.11,,,89.5,3.35,3768.4,,,,1,1,2
1970-03-01,6.63,7.07,0.44,,,89.63,3.35,3782.6,,,,1,1,2
1970-04-01,6.51,7.39,0.88,,,81.52,3.35,3760.3,,,,1,1,2
1970-05-01,6.84,7.91,1.07,,,76.55,3.35,3768.2,,,,1,1,2
1970-06-01,6.68,7.84,1.16,,,72.72,3.35,3780.4,,,,1,1,2
1970-07-01,6.45,7.46,1.01,,,78.05,3.31,3800.4,,,,1,1,2
1970-08-01,6.41,7.53,1.12,,,81.52,3.31,3807.9,,,,1,1,2
1970-09-01,6.12,7.39,1.27,,,84.21,3.31,3797.3,,,,1,1,2
1970-10-01,5.91,7.33,1.42,,,83.25,3.31,3775.7,,,,1,1,2
1970-11-01,5.28,6.84,1.56,,,87.2,3.31,3774.2,,,,1,1,2
1970-12-01,4.87,6.39,1.52,,,92,3.56,3783.9,,,,0,0,0
1971-01-01,4.44,6.24,1.8,,,95.84,3.56,3820.4,,,,0,0,0
1971-02-01,3.7,6.11,2.41,,,96.75,3.56,3824.3,,,,0,0,0
1971-03-01,3.38,5.7,2.32,,,100.31,3.56,3834.9,,,,0,0,0
1971-04-01,3.86,5.83,1.97,,,103.86,3.56,3845.5,,,,0,0,0
1971-05-01,4.14,6.39,2.25,,,99.63,3.56,3861.2,,,,0,0,0
1971-06-01,4.75,6.52,1.77,,,99.7,3.56,3862.9,,,,0,0,0
1971-07-01,5.4,6.73,1.33,,,95.6,3.56,3867.8,,,,0,0,0
1971-08-01,4.94,6.58,1.64,,,99.03,3.56,3882.4,,,,0,0,0
1971-09-01,4.69,6.14,1.45,,,98.34,3.56,3899.5,,,,0,0,0
1971-10-01,4.46,5.93,1.47,,,94.09,3.56,3915.4,,,,0,0,0
1971-11-01,4.22,5.81,1.59,,,93.99,3.56,3931.5,,,,0,0,0
1971-12-01,4.01,5.93,1.92,,,101.95,3.56,3955.5,,,,0,0,0
1972-01-01,3.38,5.95,2.57,,,103.94,3.56,3977.9,,,,0,0,0
1972-02-01,3.2,6.08,2.88,,,106.57,3.56,4000.3,,,,0,0,0
1972-03-01,3.73,6.07,2.34,,,107.2,3.56,4026.4,,,,0,0,0
1972-04-01,3.71,6.19,2.48,,,107.67,3.56,4039.4,,,,0,0,0
1972-05-01,3.69,6.13,2.44,,,109.35,3.56,4056.3,,,,0,0,0
1972-06-01,3.91,6.11,2.2,,,107.14,3.56,4068.6,,,,0,0,0
1972-07-01,3.98,6.11,2.13,,,107.39,3.56,4095.1,,,,0,0,0
1972-08-01,4.02,6.21,2.19,,,111.09,3.56,4136.1,,,,0,0,0
1972-09-01,4.66,6.55,1.89,,,110.55,3.56,4155.8,,,,0,0,0
1972-10-01,4.74,6.48,1.74,,,111.58,3.56,4226.3,,,,0,0,0
1972-11-01,4.78,6.28,1.5,,,116.67,3.56,4257.6,,,,0,0,0
1972-12-01,5.07,6.36,1.29,,,118.05,3.56,4282.8,,,,0,0,0
1973-01-01,5.41,6.46,1.05,,,116.03,3.56,4260,,,,0,0,0
1973-02-01,5.6,6.64,1.04,,,111.68,3.56,4276.3,,,,0,0,0
1973-03-01,6.09,6.71,0.62,,,111.52,3.56,4278.1,,,,0,0,0
1973-04-01,6.26,6.67,0.41,,,106.97,3.56,4291,,,,0,0,0
1973-05-01,6.36,6.85,0.49,,,104.95,3.56,4306.7,,,,0,0,0
1973-06-01,7.19,6.9,-0.29,,,104.26,3.56,4323.3,,,,0,1,1
1973-07-01,8.01,7.13,-0.88,,,108.22,3.56,4340.2,,,,0,1,1
1973-08-01,8.67,7.4,-1.27,,,104.25,4.31,4322.8,,,,0,1,1
1973-09-01,8.29,7.09,-1.2,,,108.43,4.31,4349.8,,,,0,1,1
1973-10-01,7.22,6.79,-0.43,,,108.29,4.31,4390,,,,0,1,1
1973-11-01,7.83,6.73,-1.1,,,95.96,4.31,4400.2,,,,0,1,1
1973-12-01,7.45,6.74,-0.71,,,97.55,4.31,4389.8,,,,1,1,2
1974-01-01,7.77,6.99,-0.78,,,96.57,10.11,4337.8,,,,1,1,2
1974-02-01,7.12,6.96,-0.16,,,96.22,10.11,4309.8,,,,1,1,2
1974-03-01,7.96,7.21,-0.75,,,93.98,10.11,4280,,,,1,1,2
1974-04-01,8.33,7.51,-0.82,,,90.31,10.11,4258.9,,,,1,1,2
1974-05-01,8.23,7.58,-0.65,,,87.28,10.11,4261.7,,,,1,1,2
1974-06-01,7.9,7.54,-0.36,,,86,10.11,4259.9,,,,1,1,2
1974-07-01,7.55,7.81,0.26,,,79.31,10.11,4263.2,,,,1,1,2
1974-08-01,8.96,8.04,-0.92,,,72.15,10.11,4257.1,,,,1,1,2
1974-09-01,8.06,8.04,-0.02,,,63.54,10.11,4251.9,,,,1,1,2
1974-10-01,7.46,7.9,0.44,,,73.9,11.16,4261.1,,,,1,1,2
1974-11-01,7.47,7.68,0.21,,,69.97,11.16,4227.7,,,,1,1,2
1974-12-01,7.15,7.43,0.28,,,68.56,11.16,4212.1,,,,1,1,2
1975-01-01,6.26,7.5,1.24,,,76.98,11.16,4199.1,,,,1,1,2
1975-02-01,5.5,7.39,1.89,,,81.59,11.16,4179.8,,,,1,1,2
1975-03-01,5.49,7.73,2.24,,,83.36,11.16,4179.7,,,,1,1,2
1975-04-01,5.61,8.23,2.62,,,87.3,11.16,4174.8,,,,0,1,1
1975-05-01,5.23,8.06,2.83,,,91.15,11.16,4196.9,,,,0,0,0
1975-06-01,5.34,7.86,2.52,,,95.19,11.16,4205.5,,,,0,0,0
1975-07-01,6.13,8.06,1.93,,,88.75,11.16,4203.8,,,,0,0,0
1975-08-01,6.44,8.4,1.96,,,86.88,11.16,4239.3,,,,0,0,0
1975-09-01,6.42,8.43,2.01,,,83.87,11.16,4251.4,,,,0,0,0
1975-10-01,5.96,8.14,2.18,,,89.04,11.16,4269.7,,,,0,0,0
1975-11-01,5.48,8.05,2.57,,,91.24,11.16,4279,,,,0,0,0
1975-12-01,5.44,8,2.56,,,90.19,11.16,4280.8,,,,0,0,0
1976-01-01,4.87,7.74,2.87,,,100.86,11.16,4304.3,,,,0,0,0
1976-02-01,4.88,7.79,2.91,,,99.71,12.03,4332.6,,,,0,0,0
1976-03-01,5,7.73,2.73,,,102.77,12.1,4350,,,,0,0,0
1976-04-01,4.86,7.56,2.7,,,101.64,12.17,4373.4,,,,0,0,0
1976-05-01,5.2,7.9,2.7,,,100.18,12.17,4386.8,,,,0,0,0
1976-06-01,5.41,7.86,2.45,,,104.28,12.17,4389.9,,,,0,0,0
1976-07-01,5.23,7.83,2.6,,,103.44,12.17,4404.9,,,,0,0,0
1976-08-01,5.14,7.77,2.63,,,102.91,12.17,4422,,,,0,0,0
1976-09-01,5.08,7.59,2.51,,,105.24,13.9,4429.1,,,,0,0,0
1976-10-01,4.92,7.41,2.49,,,102.9,13.9,4432.8,,,,0,0,0
1976-11-01,4.75,7.29,2.54,,,102.1,13.9,4469.4,,,,0,0,0
1976-12-01,4.35,6.87,2.52,,,107.46,13.9,4484.5,,,,0,0,0
1977-01-01,4.62,7.21,2.59,,,102.03,13.9,4467.5,,,,0,0,0
1977-02-01,4.67,7.39,2.72,,,99.82,13.9,4483.6,,,,0,0,0
1977-03-01,4.6,7.46,2.86,,,98.42,13.9,4504.6,,,,0,0,0
1977-04-01,4.54,7.37,2.83,,,98.44,13.9,4527.2,,,,0,0,0
1977-05-01,4.96,7.46,2.5,,,96.12,13.9,4551,,,,0,0,0
1977-06-01,5.02,7.28,2.26,,,100.48,13.9,4565.4,,,,0,0,0
1977-07-01,5.19,7.33,2.14,,,98.85,13.9,4582.7,,,,0,0,0
1977-08-01,5.49,7.4,1.91,,,96.77,14.85,4595.6,,,,0,0,0
1977-09-01,5.81,7.34,1.53,,,96.53,14.85,4632.4,,,,0,0,0
1977-10-01,6.16,7.52,1.36,,,92.34,14.85,4685.3,,,,0,0,0
1977-11-01,6.1,7.58,1.48,,,94.83,14.85,4714.6,,,,0,0,0
1977-12-01,6.07,7.69,1.62,,,95.1,14.85,4739.9,,,,0,0,0
1978-01-01,6.44,7.96,1.52,,,89.25,14.85,4721.8,,,,0,0,0
1978-02-01,6.45,8.03,1.58,,,87.04,14.85,4746.7,,,,0,0,0
1978-03-01,6.29,8.04,1.75,,,89.21,14.85,4776.2,,,,0,0,0
1978-04-01,6.29,8.15,1.86,,,96.83,14.85,4814.5,,,,0,0,0
1978-05-01,6.41,8.35,1.94,,,97.24,14.85,4816.3,,,,0,0,0
1978-06-01,6.73,8.46,1.73,,,95.53,14.85,4844.4,,,,0,0,0
1978-07-01,7.01,8.64,1.63,,,100.68,14.85,4855.1,,,,0,0,0
1978-08-01,7.08,8.41,1.33,,,103.29,14.85,4877.3,,,,0,0,0
1978-09-01,7.85,8.42,0.57,,,102.54,14.85,4890.2,,,,0,0,0
1978-10-01,7.99,8.64,0.65,,,93.15,14.85,4911.6,,,,0,0,0
1978-11-01,8.64,8.81,0.16,,,94.7,14.85,4917.9,,,,0,0,0
1978-12-01,9.08,9.01,-0.07,,,96.11,14.85,4949.6,,,,0,1,1
1979-01-01,9.35,9.1,-0.25,,,99.93,14.85,4961.8,,,,0,1,1
1979-02-01,9.32,9.1,-0.22,,,96.28,15.85,4990.2,,,,0,1,1
1979-03-01,9.48,9.12,-0.36,,,101.5,15.85,5005.2,,,,0,1,1
1979-04-01,9.46,9.18,-0.28,,,101.75,15.85,4956.5,,,,0,1,1
1979-05-01,9.61,9.25,-0.36,,,99.08,18.1,4942,,,,0,1,1
1979-06-01,9.06,8.91,-0.15,,,102.91,19.1,4949.7,,,,0,1,1
1979-07-01,9.24,8.95,-0.29,,,103.81,21.75,4955.2,,,,0,1,1
1979-08-01,9.52,9.03,-0.49,,,109.32,26.5,4963.5,,,,0,1,1
1979-09-01,10.26,9.33,-0.93,,,109.32,28.5,4966.8,,,,0,1,1
1979-10-01,11.7,10.3,-1.4,,,101.82,29,4965.2,,,,0,1,1
1979-11-01,11.79,10.65,-1.14,,,106.16,31,4980.3,,,,0,1,1
1979-12-01,12.04,10.39,-1.65,,,107.94,32.5,4991.9,,,,0,1,1
1980-01-01,12,10.8,-1.2,,,115.12,32.5,4985.4,,,,0,1,1
1980-02-01,12.86,12.41,-0.45,,,113.66,37,4965.6,,,,1,1,2
1980-03-01,15.2,12.75,-2.45,,,102.09,38,4948.3,,,,1,1,2
1980-04-01,13.2,11.47,-1.73,,,106.29,39.5,4938.4,,,,1,1,2
1980-05-01,8.58,10.18,1.6,,,111.24,39.5,4917.8,,,,1,1,2
1980-06-01,7.07,9.78,2.71,,,114.24,39.5,4926.1,,,,1,1,2
1980-07-01,8.06,10.25,2.19,,,121.67,39.5,4909.9,,,,1,1,2
1980-08-01,9.13,11.1,1.97,,,122.38,38,4927.8,,,,0,1,1
1980-09-01,10.27,11.51,1.24,,,125.46,36,4944.9,,,,0,1,1
1980-10-01,11.62,11.75,0.13,,,127.47,36,5002.7,,,,0,1,1
1980-11-01,13.73,12.68,-1.05,,,140.52,36,5027,,,,0,1,1
1980-12-01,15.49,12.84,-2.65,,,135.76,37,5048.1,,,,0,1,1
1981-01-01,15.02,12.57,-2.45,,,129.55,38,5035,,,,0,1,1
1981-02-01,14.79,13.19,-1.6,,,131.27,38,5020.8,,,,0,1,1
1981-03-01,13.36,13.12,-0.24,,,136,38,5035.9,,,,0,1,1
1981-04-01,13.69,13.68,-0.01,,,132.87,38,5032.4,,,,0,1,1
1981-05-01,16.3,14.1,-2.2,,,132.59,38,5048.9,,,,0,1,1
1981-06-01,14.73,13.47,-1.26,,,131.21,36,5081.1,,,,0,1,1
1981-07-01,14.95,14.28,-0.67,,,130.92,36,5135,,,,0,1,1
1981-08-01,15.51,14.94,-0.57,,,122.79,36,5160.8,,,,1,1,2
1981-09-01,14.7,15.32,0.62,,,116.18,36,5156.4,,,,1,1,2
1981-10-01,13.54,15.15,1.61,,,121.89,35,5139.2,,,,1,1,2
1981-11-01,10.86,13.39,2.53,,,126.35,36,5142.7,,,,1,1,2
1981-12-01,10.85,13.72,2.87,,,122.55,35,5140,,,,1,1,2
1982-01-01,12.28,14.59,2.31,,,120.4,33.85,5129.6,,,,1,1,2
1982-02-01,13.48,14.43,0.95,,,113.11,31.56,5148.5,,,,1,1,2
1982-03-01,12.68,13.86,1.18,,,111.96,28.48,5144.1,,,,1,1,2
1982-04-01,12.7,13.87,1.17,,,116.44,33.45,5173.5,,,,1,1,2
1982-05-01,12.09,13.62,1.53,,,111.88,35.93,5174.7,,,,1,1,2
1982-06-01,12.47,14.3,1.83,,,109.61,35.07,5152.6,,,,1,1,2
1982-07-01,11.35,13.95,2.6,,,107.09,34.16,5133.2,,,,1,1,2
1982-08-01,8.68,13.06,4.38,,,119.51,33.95,5143.3,,,,1,1,2
1982-09-01,7.92,12.34,4.42,,,120.42,35.63,5132.2,,,,1,1,2
1982-10-01,7.71,10.91,3.2,,,133.71,35.68,5121.5,,,,1,1,2
1982-11-01,8.07,10.55,2.48,,,138.54,34.15,5124.7,,,,1,1,2
1982-12-01,7.94,10.54,2.6,,,140.64,31.72,5153.9,,,,0,0,0
1983-01-01,7.86,10.46,2.6,,,145.3,31.19,5158.8,,,,0,0,0
1983-02-01,8.11,10.72,2.61,,,148.06,28.95,5158.2,,,,0,0,0
1983-03-01,8.35,10.51,2.16,,,152.96,28.82,5178.1,,,,0,0,0
1983-04-01,8.21,10.4,2.19,,,164.42,30.61,5186.2,,,,0,0,0
1983-05-01,8.19,10.38,2.19,,,162.39,30,5210,,,,0,0,0
1983-06-01,8.79,10.85,2.06,,,168.11,31,5224.5,,,,0,0,0
1983-07-01,9.08,11.38,2.3,,,162.56,31.66,5255.4,,,,0,0,0
1983-08-01,9.34,11.85,2.51,,,164.04,31.91,5249.8,,,,0,0,0
1983-09-01,9,11.65,2.65,,,166.07,31.11,5296,,,,0,0,0
1983-10-01,8.64,11.54,2.9,,,163.55,30.41,5357.9,,,,0,0,0
1983-11-01,8.76,11.69,2.93,,,166.4,29.84,5392.6,,,,0,0,0
1983-12-01,9,11.83,2.83,,,164.93,29.24,5443.1,,,,0,0,0
1984-01-01,8.9,11.67,2.77,,,163.41,29.69,5465.7,,,,0,0,0
1984-02-01,9.09,11.84,2.75,,,157.06,30.145,5506.3,,,,0,0,0
1984-03-01,9.52,12.32,2.8,,,159.18,30.761,5542.4,,,,0,0,0
1984-04-01,9.69,12.63,2.94,,,160.05,30.618,5581.4,,,,0,0,0
1984-05-01,9.83,13.41,3.58,,,150.55,30.52,5597.4,,,,0,0,0
1984-06-01,9.87,13.56,3.69,,,153.18,29.967,5644.3,,,,0,0,0
1984-07-01,10.12,13.36,3.24,,,150.66,28.752,5660.9,,,,0,0,0
1984-08-01,10.47,12.72,2.25,,,166.68,29.25,5699.4,,,,0,1,1
1984-09-01,10.37,12.52,2.15,,,166.1,29.311,5751.9,,,,0,1,1
1984-10-01,9.74,12.16,2.42,,,166.09,28.765,5727.6,,,,0,1,1
1984-11-01,8.61,11.57,2.96,,,163.58,28.098,5759.2,,,,0,1,1
1984-12-01,8.06,11.5,3.44,,,167.24,25.429,5786.6,,,,0,1,1
1985-01-01,7.76,11.38,3.62,,,179.63,25.641,5780.5,,,152.720001,0,1,1
1985-02-01,8.27,11.51,3.24,,,181.18,27.271,5784.5,,,160.410004,0,1,1
1985-03-01,8.52,11.86,3.34,,,180.66,28.238,5810.9,,,149.179993,0,1,1
1985-04-01,7.95,11.43,3.48,,,179.83,28.805,5798.6,,,149.699997,0,1,1
1985-05-01,7.48,10.85,3.37,,,189.55,27.623,5813.4,,,147.860001,0,1,1
1985-06-01,6.95,10.16,3.21,,,191.85,27.143,5837.3,,,146.119995,0,1,1
1985-07-01,7.08,10.31,3.23,,,190.92,27.329,5835.2,,,137.259995,0,1,1
1985-08-01,7.14,10.33,3.19,,,188.63,27.755,5845.1,,,138.199997,0,1,1
1985-09-01,7.1,10.37,3.27,,,182.08,28.289,5871.6,,,132.119995,0,1,1
1985-10-01,7.16,10.24,3.08,,,189.82,29.538,5901.8,,,129.389999,0,1,1
1985-11-01,7.24,9.78,2.54,,,202.17,30.813,5910.7,,,124.989998,0,1,1
1985-12-01,7.1,9.26,2.16,,,211.28,27.228,5950.4,,,123.459999,0,1,1
1986-01-01,7.07,9.19,2.12,,,211.78,22.945,5932,,,121.519997,0,1,1
1986-02-01,7.06,8.7,1.64,,,226.92,15.442,5962.7,,,115.080002,0,1,1
1986-03-01,6.56,7.78,1.22,,,238.9,12.618,6018.8,,,117.919998,0,1,1
1986-04-01,6.06,7.3,1.24,,,235.52,12.847,6038.8,,,111.769997,0,1,1
1986-05-01,6.15,7.71,1.56,,,247.35,15.444,6043.6,,,117.510002,0,1,1
1986-06-01,6.21,7.8,1.59,,,250.84,13.469,6046.1,,,111.610001,0,1,1
1986-07-01,5.83,7.3,1.47,,,236.12,11.575,6067.7,,,108.040001,0,1,1
1986-08-01,5.53,7.17,1.64,,,252.93,15.092,6093.3,,,106.43,0,1,1
1986-09-01,5.21,7.45,2.24,,,231.32,14.913,6101.5,,,106.739998,0,1,1
1986-10-01,5.18,7.43,2.25,,,243.98,14.852,6105,,,109.269997,0,1,1
1986-11-01,5.35,7.25,1.9,,,249.22,15.207,6120.6,,,105.919998,0,1,1
1986-12-01,5.53,7.11,1.58,,,242.17,16.076,6146.6,,,103.580002,0,1,1
1987-01-01,5.43,7.08,1.65,,,274.08,18.656,6139.8,,,99.860001,0,1,1
1987-02-01,5.59,7.25,1.66,,,284.2,17.726,6162.3,,,99.260002,0,1,1
1987-03-01,5.59,7.25,1.66,,,291.7,18.305,6182,,,97.110001,0,1,1
1987-04-01,5.64,8.02,2.38,,,288.36,18.643,6180.2,,,95.940002,0,0,0
1987-05-01,5.66,8.61,2.95,,,290.1,19.415,6214,,,97.769997,0,0,0
1987-06-01,5.67,8.4,2.73,,,304,20.034,6218.6,,,98.129997,0,0,0
1987-07-01,5.69,8.45,2.76,,,318.66,21.355,6241.7,,,99.790001,0,0,0
1987-08-01,6.04,8.76,2.72,,,329.8,20.274,6281.8,,,97.32,0,0,0
1987-09-01,6.4,9.42,3.02,,,321.83,19.526,6288.9,,,98.57,0,0,0
1987-10-01,6.13,9.52,3.39,,,251.79,19.848,6332.7,,,93.650002,0,0,0
1987-11-01,5.69,8.86,3.17,,,230.3,18.92,6367.3,,,89.150002,0,0,0
1987-12-01,5.77,8.99,3.22,,,247.08,17.241,6443.2,,,85.419998,0,0,0
1988-01-01,5.81,8.67,2.86,,,257.07,17.16,6412.5,,,90.339996,0,0,0
1988-02-01,5.66,8.21,2.55,,,267.82,16.765,6442,,,90.529999,0,0,0
1988-03-01,5.7,8.37,2.67,,,258.89,16.217,6446.5,,,88.300003,0,0,0
1988-04-01,5.91,8.72,2.81,,,261.33,17.875,6473.3,,,89.160004,0,0,0
1988-05-01,6.26,9.09,2.83,,,262.16,17.438,6479.5,,,91.089996,0,0,0
1988-06-01,6.46,8.92,2.46,,,273.5,16.53,6504.6,,,95.410004,0,0,0
1988-07-01,6.73,9.06,2.33,,,272.02,15.498,6537,,,97.529999,0,0,0
1988-08-01,7.06,9.26,2.2,,,261.52,15.524,6553.6,,,98.419998,0,0,0
1988-09-01,7.24,8.98,1.74,,,271.91,14.467,6568.5,,,97.690002,0,0,0
1988-10-01,7.35,8.8,1.45,,,278.97,13.798,6608.6,,,93.760002,0,0,0
1988-11-01,7.76,8.96,1.2,,,273.7,13.977,6607.8,,,90.529999,0,0,0
1988-12-01,8.07,9.11,1.04,,,277.72,16.266,6644.8,,,92.5,0,0,0
1989-01-01,8.27,9.09,0.82,,,297.47,17.983,6690.7,,,96.769997,0,0,0
1989-02-01,8.53,9.17,0.64,,,288.86,17.826,6711.2,,,94.900002,0,0,0
1989-03-01,8.82,9.36,0.54,,,294.87,19.445,6739.2,,,98.139999,0,0,0
1989-04-01,8.65,9.18,0.53,,,309.64,21.04,6719.1,,,97.709999,0,0,0
1989-05-01,8.43,8.86,0.43,,,320.52,20.032,6688.6,,,102.980003,0,0,0
1989-06-01,8.15,8.28,0.13,,,317.98,20.005,6705.2,,,102.019997,0,0,0
1989-07-01,7.88,8.02,0.14,,,346.08,19.644,6728.6,,,97.389999,0,1,1
1989-08-01,7.9,8.11,0.21,,,351.45,18.522,6739.6,,,102.279999,0,1,1
1989-09-01,7.75,8.19,0.44,,,349.15,19.594,6755.9,,,98.470001,0,1,1
1989-10-01,7.64,8.01,0.37,,,340.36,20.091,6789,,,98.07,0,1,1
1989-11-01,7.69,7.87,0.18,,,345.99,19.82,6790.7,,,96.269997,0,1,1
1989-12-01,7.63,7.84,0.21,,,353.4,21.088,6800.3,,,93.209999,0,1,1
1990-01-01,7.64,8.21,0.57,,,329.08,22.641,6798.6,23.35,0.12,92.410004,0,1,1
1990-02-01,7.74,8.47,0.73,,,331.89,22.108,6822,23.26,0.08,93.290001,0,1,1
1990-03-01,7.9,8.59,0.69,,,339.94,20.418,6827,20.06,0.3,93.690002,0,1,1
1990-04-01,7.77,8.79,1.02,,,330.8,18.582,6869.5,21.4,0.96,93.07,0,1,1
1990-05-01,7.74,8.76,1.02,,,361.23,18.237,6859.2,18.1,1.3,92.980003,0,1,1
1990-06-01,7.73,8.48,0.75,,,358.02,16.871,6866.5,16.82,3.1,91.150002,0,1,1
1990-07-01,7.62,8.47,0.85,,,356.15,18.638,6891.9,18.39,10.16,87.169998,0,1,1
1990-08-01,7.45,8.75,1.3,,,322.56,27.174,6845.6,28.18,20.08,86.559998,1,1,2
1990-09-01,7.36,8.89,1.53,,,306.05,33.687,6834.3,29.11,38.76,86,1,1,2
1990-10-01,7.17,8.72,1.55,,,304,35.922,6765.2,29.63,62.34,83.279999,1,1,2
1990-11-01,7.06,8.39,1.33,,,322.22,32.3,6761.4,24.89,66.18,82.93,1,1,2
1990-12-01,6.74,8.08,1.34,,,330.22,27.337,6788.2,23.36,64.48,83.07,1,1,2
1991-01-01,6.22,8.09,1.87,,,343.93,24.959,6721,27.43,62.4,82,1,1,2
1991-02-01,5.94,7.85,1.91,,,367.07,20.523,6718.8,21.6,54.92,84.080002,1,1,2
1991-03-01,5.91,8.11,2.2,,,375.22,19.86,6721.7,17.74,37.94,92.019997,1,1,2
1991-04-01,5.65,8.04,2.39,,,375.35,20.823,6737.2,17.37,4.96,91.540001,0,1,1
1991-05-01,5.46,8.07,2.61,,,389.83,21.24,6735.1,16.93,0.84,93.129997,0,1,1
1991-06-01,5.57,8.28,2.71,,,371.16,20.195,6772.9,17.14,0.18,96.059998,0,1,1
1991-07-01,5.58,8.27,2.69,,,387.81,21.42,6756.7,17.29,0.26,93.489998,0,1,1
1991-08-01,5.33,7.9,2.57,,,395.43,21.688,6766.6,15.68,0.36,93.489998,0,1,1
1991-09-01,5.22,7.65,2.43,,,387.86,21.857,6785.1,16.96,0.14,89.900002,0,1,1
1991-10-01,4.99,7.53,2.54,,,392.46,23.228,6771.4,16.36,0.6,89.93,0,0,0
1991-11-01,4.56,7.42,2.86,,,375.22,22.465,6788.5,17.77,0.7,88.190002,0,0,0
1991-12-01,4.07,7.09,3.02,,,417.09,19.517,6834.3,18.35,0.66,83.519997,0,0,0
1992-01-01,3.8,7.03,3.23,,,408.79,18.82,6854.2,17.68,0.26,87.489998,0,0,0
1992-02-01,3.84,7.34,3.5,,,412.7,18.995,6892.5,17.48,0.06,88.989998,0,0,0
1992-03-01,4.04,7.54,3.5,,,403.69,18.916,6898.1,17.52,0.04,89.650002,0,0,0
1992-04-01,3.75,7.48,3.73,,,414.95,20.243,6917.1,16.56,0.02,89.620003,0,0,0
1992-05-01,3.63,7.39,3.76,,,415.35,20.94,6955.2,15.08,0.02,87.220001,0,0,0
1992-06-01,3.66,7.26,3.6,,,408.14,22.375,6986.2,15.2,0.02,83.720001,0,0,0
1992-07-01,3.21,6.84,3.63,,,424.21,21.759,6976.8,13.6,0.02,81.910004,0,0,0
1992-08-01,3.13,6.59,3.46,,,414.03,21.35,7003.4,14.42,0.34,78.879997,0,0,0
1992-09-01,2.91,6.42,3.51,,,417.8,21.902,6968.8,13.7,0.14,81.099998,0,0,0
1992-10-01,2.86,6.59,3.73,,,418.68,21.688,6928.5,17.64,0.04,87.629997,0,0,0
1992-11-01,3.13,6.87,3.74,,,431.35,20.342,6959.5,14.42,0.02,90.839996,0,0,0
1992-12-01,3.22,6.77,3.55,,,435.71,19.407,7244.4,12.19,0,92.360001,0,0,0
1993-01-01,3,6.6,3.6,,,438.78,19.075,6994.2,12.41,0,92.459999,0,0,0
1993-02-01,2.93,6.26,3.33,,,443.38,20.053,7033.5,13.72,0.06,94.050003,0,0,0
1993-03-01,2.95,5.98,3.03,,,451.67,20.347,7006.3,13.61,0.64,91.870003,0,0,0
1993-04-01,2.87,5.97,3.1,,,440.19,20.27,7071.8,12.84,0.08,89.489998,0,0,0
1993-05-01,2.96,6.04,3.08,,,450.19,19.94,7074.8,13.61,0.26,89.080002,0,0,0
1993-06-01,3.07,5.96,2.89,,,450.53,19.07,7056.2,12.52,0.04,93.629997,0,0,0
1993-07-01,3.04,5.81,2.77,,,448.13,17.866,7075.8,11.5,0.04,95.370003,0,0,0
1993-08-01,3.02,5.68,2.66,,,463.56,18.009,7088.1,11.93,0.06,93.949997,0,0,0
1993-09-01,2.95,5.36,2.41,,,458.93,17.514,7068.4,12.93,0,92.82,0,0,0
1993-10-01,3.02,5.33,2.31,,,467.83,18.145,7040.3,11.88,0,95.080002,0,0,0
1993-11-01,3.1,5.72,2.62,,,461.79,16.699,7061.3,14.08,0,96.209999,0,0,0
1993-12-01,3.06,5.77,2.71,,,466.45,14.51,7336.4,11.36,0.04,96.839996,0,0,0
1994-01-01,2.98,5.75,2.77,,,481.61,15,7159.5,11.29,0.02,95.589996,0,0,0
1994-02-01,3.25,5.97,2.72,,,467.14,14.78,7168.4,13.64,0.04,94.550003,0,0,0
1994-03-01,3.5,6.48,2.98,,,445.77,14.66,7191,15.22,0,93.059998,0,0,0
1994-04-01,3.68,6.97,3.29,,,450.91,16.38,7265.6,16.47,0,92.120003,0,0,0
1994-05-01,4.14,7.18,3.04,,,456.5,17.88,7286.5,13.9,0.08,92.519997,0,0,0
1994-06-01,4.14,7.1,2.96,,,444.27,19.07,7276.7,13.41,0.02,89.620003,0,0,0
1994-07-01,4.33,7.3,2.97,,,458.26,19.65,7294.5,12.48,0.06,89.870003,0,0,0
1994-08-01,4.48,7.24,2.76,,,475.49,18.38,7303.2,11.89,0,89.669998,0,0,0
1994-09-01,4.62,7.46,2.84,,,462.69,17.46,7337.9,13.23,0.02,87.879997,0,0,0
1994-10-01,4.95,7.74,2.79,,,472.35,17.71,7396.9,15.25,0,85.690002,0,1,1
1994-11-01,5.29,7.96,2.67,,,453.69,18.1,7393.1,16.38,0.02,89.129997,0,1,1
1994-12-01,5.6,7.81,2.21,,,459.27,17.16,7423.9,14.18,0,88.730003,0,1,1
1995-01-01,5.71,7.78,2.07,,,470.42,17.99,7444.8,12.27,0.08,87.989998,0,1,1
1995-02-01,5.77,7.47,1.7,,,487.39,18.53,7460.6,11.47,0.24,85.93,0,1,1
1995-03-01,5.73,7.2,1.47,,,500.71,18.55,7477.9,12.17,0.14,81.900002,0,1,1
1995-04-01,5.65,7.06,1.41,,,514.71,19.87,7490.4,12.44,0.2,81.800003,0,1,1
1995-05-01,5.67,6.63,0.96,,,533.4,19.74,7490.5,12.27,0.06,82.57,0,1,1
1995-06-01,5.47,6.17,0.7,,,544.75,18.42,7524.7,11.9,0.06,81.580002,0,1,1
1995-07-01,5.42,6.28,0.86,,,562.06,17.3,7549.4,12.51,0.32,81.57,0,1,1
1995-08-01,5.4,6.49,1.09,,,561.88,18.03,7564,12.8,0.02,85.57,0,1,1
1995-09-01,5.28,6.2,0.92,,,584.41,18.23,7599.5,12.06,0.06,84.290001,0,1,1
1995-10-01,5.28,6.04,0.76,,,581.5,17.44,7623,14.36,0.18,83.660004,0,1,1
1995-11-01,5.36,5.93,0.57,,,605.37,17.99,7655.9,12.47,0.1,85.260002,0,1,1
1995-12-01,5.14,5.71,0.57,,,615.93,19.04,7664.8,11.75,0.1,84.760002,0,1,1
1996-01-01,5,5.65,0.65,,,636.02,18.88,7673.1,13.47,0.46,87.379997,0,0,0
1996-02-01,4.83,5.81,0.98,,,640.43,19.07,7739.7,15.03,0,86.290001,0,0,0
1996-03-01,4.96,6.27,1.31,,,645.5,21.36,7762.5,17.76,0.08,86.519997,0,0,0
1996-04-01,4.95,6.51,1.56,,,654.17,23.57,7776.4,16.58,0.02,88.019997,0,0,0
1996-05-01,5.02,6.74,1.72,,,669.12,21.25,7816.2,16.15,0.02,87.779999,0,0,0
1996-06-01,5.09,6.91,1.82,,,670.63,20.45,7874.4,16.4,0,87.82,0,0,0
1996-07-01,5.15,6.87,1.72,,,639.95,21.32,7866.1,17.98,0.16,85.900002,0,0,0
1996-08-01,5.05,6.64,1.59,,,651.99,21.96,7900,15.76,0,86.360001,0,0,0
1996-09-01,5.09,6.83,1.74,,,687.31,23.99,7930.8,16.58,0,87.940002,0,0,0
1996-10-01,4.99,6.53,1.54,,,705.27,24.9,7937.3,16.38,0.04,87.43,0,0,0
1996-11-01,5.03,6.2,1.17,,,757.02,23.71,7966.5,16,0,87.919998,0,0,0
1996-12-01,4.91,6.3,1.39,,,740.74,25.39,8001.6,19.26,0,88.18,0,0,0
1997-01-01,5.03,6.58,1.55,7.39,0.83,786.16,25.17,8035.8,19.47,0,93.040001,0,0,0
1997-02-01,5.01,6.42,1.41,7.24,0.81,790.82,22.21,8073.7,20.14,0,94.889999,0,0,0
1997-03-01,5.14,6.69,1.55,7.51,0.76,757.12,20.99,8112.3,20.17,0,94.720001,0,0,0
1997-04-01,5.16,6.89,1.73,7.7,0.78,801.34,19.72,8125.4,19.66,0.06,97.18,0,0,0
1997-05-01,5.05,6.71,1.66,7.52,0.78,848.28,20.83,8169.7,19.92,0,94.849998,0,0,0
1997-06-01,4.93,6.49,1.56,7.31,0.76,885.14,19.17,8201.6,20.19,0,95.669998,0,0,0
1997-07-01,5.05,6.22,1.17,7.04,0.75,954.29,19.63,8242.6,20.53,0,99.639999,0,0,0
1997-08-01,5.14,6.3,1.16,7.12,0.74,899.47,19.93,8295.7,23.08,0.02,99,0,0,0
1997-09-01,4.95,6.21,1.26,7.05,0.75,947.28,19.79,8323.8,23.81,0,97.110001,0,0,0
1997-10-01,4.97,6.03,1.06,6.9,0.76,914.62,21.26,8374.6,23.87,0,95.639999,0,0,0
1997-11-01,5.14,5.88,0.74,6.88,0.88,955.4,20.17,8441.2,32.21,0,97.790001,0,0,0
1997-12-01,5.16,5.81,0.65,6.84,0.91,970.43,18.32,8493.1,26.28,0,99.650002,0,0,0
1998-01-01,5.04,5.54,0.5,6.63,0.96,980.28,16.71,8575.7,23.87,0.02,100.790001,0,0,0
1998-02-01,5.09,5.57,0.48,6.74,1.01,1049.34,16.06,8638.7,20,0.04,99.82,0,0,0
1998-03-01,5.03,5.65,0.62,6.81,0.98,1101.75,15.02,8693.7,20.16,0.02,101.5,0,0,0
1998-04-01,4.95,5.64,0.69,6.78,0.98,1111.75,15.44,8731.5,22.03,0.02,99.709999,0,0,0
1998-05-01,5,5.65,0.65,6.79,0.97,1090.82,14.86,8778.6,20.87,0.02,100.449997,0,0,0
1998-06-01,4.98,5.5,0.52,6.67,0.99,1133.84,13.66,8832.4,21.66,0.46,101.169998,0,0,0
1998-07-01,4.96,5.46,0.5,6.68,1.04,1120.67,14.08,8855.9,19.93,0.46,101.199997,0,0,0
1998-08-01,4.9,5.34,0.44,6.68,1.19,957.28,13.36,8894.5,31.59,0,100.199997,0,0,0
1998-09-01,4.61,4.81,0.2,6.73,1.69,1017.01,14.95,8924.8,38.2,0.04,96.169998,0,0,0
1998-10-01,3.96,4.53,0.57,6.64,1.84,1098.67,14.39,8944.2,36.61,0.04,93.730003,0,0,0
1998-11-01,4.41,4.83,0.42,6.96,1.89,1163.63,12.85,8987.6,26.22,0.02,96.199997,0,0,0
1998-12-01,4.39,4.65,0.26,6.7,1.76,1229.23,11.28,9007.4,25.48,0,94.169998,0,0,0
1999-01-01,4.34,4.72,0.38,6.71,1.68,1279.64,12.47,9034.3,28.04,0.06,96.080002,0,0,0
1999-02-01,4.44,5,0.56,6.88,1.59,1238.33,12.01,9076.3,28.82,0.02,98.68,0,0,0
1999-03-01,4.44,5.23,0.79,7,1.5,1286.37,14.66,9082.4,25.31,0.04,100.099998,0,0,0
1999-04-01,4.29,5.18,0.89,6.88,1.47,1335.18,17.34,9066.9,23.48,0.02,101,0,0,0
1999-05-01,4.5,5.54,1.04,7.16,1.43,1301.84,17.75,9088.6,26.2,0.02,102.510002,0,0,0
1999-06-01,4.57,5.9,1.33,7.54,1.49,1372.71,17.89,9123.1,23.63,0.04,102.849998,0,0,0
1999-07-01,4.55,5.79,1.24,7.5,1.54,1328.72,20.07,9150.3,21.05,0,99.75,0,0,0
1999-08-01,4.72,5.94,1.22,7.76,1.63,1320.41,21.26,9192.3,24.32,0.02,99.949997,0,0,0
1999-09-01,4.68,5.92,1.24,7.78,1.66,1282.71,23.88,9189,24.54,0.14,98.540001,0,0,0
1999-10-01,4.86,6.11,1.25,7.95,1.62,1362.93,22.64,9250.3,24.02,0,99.059998,0,0,0
1999-11-01,5.07,6.03,0.96,7.84,1.64,1388.91,24.97,9324.7,21.82,0,101.989998,0,0,0
1999-12-01,5.2,6.28,1.08,8,1.58,1469.25,26.08,9407.6,22.16,0.02,101.870003,0,0,0
2000-01-01,5.32,6.66,1.34,8.24,1.55,1394.46,27.18,9498.6,23.2,0.02,105.129997,0,0,0
2000-02-01,5.55,6.52,0.97,8.15,1.55,1366.42,29.35,9541.8,23.6,0.1,105.919998,0,0,0
2000-03-01,5.69,6.26,0.57,8.18,1.72,1498.58,29.89,9573.1,22.72,0,105.440002,0,0,0
2000-04-01,5.66,5.99,0.33,8.29,2.04,1452.43,25.74,9620.5,27.16,0,110.139999,0,0,0
2000-05-01,5.79,6.44,0.65,8.81,2.18,1420.6,28.78,9628.6,26.37,0.28,108.739998,0,0,0
2000-06-01,5.69,6.1,0.41,8.51,2.19,1454.6,31.83,9674.3,21.54,0.34,106.839996,0,1,1
2000-07-01,5.96,6.05,0.09,8.37,2.14,1430.83,29.77,9730.3,19.89,0.34,109.57,0,1,1
2000-08-01,6.09,5.83,-0.26,8.22,2.15,1517.68,31.22,9780.5,18.09,0.54,112.599998,0,1,1
2000-09-01,6,5.8,-0.2,8.17,2.16,1436.51,33.88,9788.8,19.69,0.9,113.25,0,1,1
2000-10-01,6.11,5.74,-0.37,8.22,2.3,1429.4,33.08,9815.1,25.2,3.16,116.650002,0,1,1
2000-11-01,6.17,5.72,-0.45,8.37,2.51,1314.95,34.4,9825.5,26.38,5.04,115.239998,0,1,1
2000-12-01,5.77,5.24,-0.53,8.1,2.68,1320.28,28.46,9827.7,26.53,10.18,109.559998,0,1,1
2001-01-01,5.15,5.16,0.01,7.73,2.51,1366.01,29.58,9875.6,24.92,19.74,110.519997,0,1,1
2001-02-01,4.88,5.1,0.22,7.54,2.36,1239.94,29.61,9896.1,23.41,25.74,112.010002,0,1,1
2001-03-01,4.42,4.89,0.47,7.36,2.39,1160.33,27.24,9921.3,28.5,32.1,117.370003,0,1,1
2001-04-01,3.87,5.14,1.27,7.53,2.48,1249.46,27.41,9872.7,28.13,38.02,115.849998,1,1,2
2001-05-01,3.62,5.39,1.77,7.36,2.12,1255.82,28.64,9834.1,22.94,37.64,119.07,1,1,2
2001-06-01,3.49,5.28,1.79,7.18,2.05,1224.42,27.6,9815.8,20.94,38.32,119.43,1,1,2
2001-07-01,3.51,5.24,1.73,7.15,2.07,1211.23,26.45,9811.4,22.32,36.76,117.18,1,1,2
2001-08-01,3.36,4.97,1.61,6.92,2.06,1133.5879,27.47,9802.7,21.86,35.28,113.419998,1,1,2
2001-09-01,2.64,4.73,2.09,6.89,2.35,1040.94,25.88,9789.6,35.07,34.76,113.480003,1,1,2
2001-10-01,2.16,4.57,2.41,6.77,2.46,1059.78,22.21,9735,32.72,27.3,114.860001,1,1,2
2001-11-01,1.87,4.65,2.78,6.86,2.48,1139.45,19.67,9728.2,26.63,21.72,116.129997,1,1,2
2001-12-01,1.69,5.09,3.4,7.1,2.32,1148.08,19.33,9730.2,23.72,9.82,116.75,0,1,1
2002-01-01,1.65,5.04,3.39,6.9,2.21,1130.2046,19.67,9732.3,22.25,3.62,120.239998,0,1,1
2002-02-01,1.72,4.91,3.19,7.05,2.49,1106.7334,20.74,9733.3,22.88,1.84,119.160004,0,1,1
2002-03-01,1.79,5.28,3.49,7.35,2.38,1147.3865,24.42,9732.4,18.99,0.74,118.620003,0,1,1
2002-04-01,1.71,5.21,3.5,7.36,2.48,1076.924,26.27,9729.1,19.9,0.24,115.190002,0,1,1
2002-05-01,1.73,5.16,3.43,7.49,2.73,1067.1381,27.02,9756.1,20.09,0.2,111.809998,0,1,1
2002-06-01,1.7,4.93,3.23,6.93,2.42,989.81433,25.52,9787,25.27,0.2,106.110001,0,1,1
2002-07-01,1.68,4.65,2.97,7.2,2.98,911.619,26.94,9752.8,34.05,0.94,107.410004,0,1,1
2002-08-01,1.62,4.26,2.64,7.14,3.36,916.07306,28.38,9751.7,33.74,0.52,106.980003,0,1,1
2002-09-01,1.63,3.87,2.24,6.76,3.27,815.28467,29.67,9754.9,37.65,0.58,106.870003,0,1,1
2002-10-01,1.58,3.94,2.36,7.22,3.73,885.76245,28.85,9776.1,35.24,0.4,106.639999,0,1,1
2002-11-01,1.23,4.05,2.82,6.65,3.11,936.31366,26.27,9797.2,28.18,0.34,106.410004,0,1,1
2002-12-01,1.19,4.03,2.84,6.27,2.77,879.8191,29.42,9808.5,28.21,1.32,101.849998,0,1,1
2003-01-01,1.17,4.05,2.88,6.02,2.54,855.6999,32.94,9768.7,27.42,0.58,99.910004,0,1,1
2003-02-01,1.17,3.9,2.73,5.79,2.47,841.1502,35.87,9730.1,32.22,1,99.709999,0,1,1
2003-03-01,1.13,3.81,2.68,5.72,2.46,848.1793,33.55,9745.3,30.63,0.98,99.059998,0,0,0
2003-04-01,1.13,3.96,2.83,5.53,2.16,916.916,28.25,9792.2,23.99,0.62,97.190002,0,0,0
2003-05-01,1.07,3.57,2.5,4.94,1.93,963.5868,28.14,9869.2,20.24,0.14,93.269997,0,0,0
2003-06-01,0.92,3.33,2.41,4.65,1.84,974.5009,30.72,9903,20.36,0.1,94.730003,0,0,0
2003-07-01,0.9,3.98,3.08,5.01,1.72,990.3089,30.76,9910.7,19.16,0,96.889999,0,0,0
2003-08-01,0.95,4.45,3.5,5.48,1.72,1008.0121,31.59,9926.5,19.27,0.14,98.099998,0,0,0
2003-09-01,0.94,4.27,3.33,5.21,1.62,995.96533,28.29,9944.2,19.53,0.04,92.849998,0,0,0
2003-10-01,0.92,4.29,3.37,5.12,1.52,1050.7144,30.33,9997.6,18.02,0.02,92.730003,0,0,0
2003-11-01,0.93,4.3,3.37,5.12,1.45,1058.2045,31.09,10067,17.4,0,90.209999,0,0,0
2003-12-01,0.9,4.27,3.37,4.98,1.35,1111.9158,32.15,10058,16.83,0.18,86.919998,0,0,0
2004-01-01,0.88,4.15,3.27,4.75,1.26,1131.1272,34.27,10025.5,16.1,0.02,87.199997,0,0,0
2004-02-01,0.93,4.08,3.15,4.71,1.29,1144.9421,34.74,10027.2,16,0.04,87.309998,0,0,0
2004-03-01,0.94,3.83,2.89,4.53,1.33,1126.2115,36.76,10064.3,17.69,0,87.610001,0,0,0
2004-04-01,0.94,4.35,3.41,5,1.26,1107.3048,36.69,10098.8,15.7,0.02,90.480003,0,0,0
2004-05-01,1.02,4.72,3.7,5.44,1.32,1120.6831,40.28,10162,17.71,0.02,88.949997,0,0,0
2004-06-01,1.27,4.73,3.46,5.51,1.32,1140.8356,38.02,10177,15.34,0.84,88.800003,0,0,0
2004-07-01,1.33,4.5,3.17,5.31,1.31,1101.7195,40.69,10231.1,15.5,0.24,89.959999,0,0,0
2004-08-01,1.48,4.28,2.8,5.14,1.31,1104.2365,44.94,10260.6,16.68,0.06,88.940002,0,0,0
2004-09-01,1.65,4.13,2.48,4.97,1.24,1114.5831,45.95,10280.5,14.09,0,87.360001,0,0,0
2004-10-01,1.76,4.1,2.34,4.94,1.22,1130.1991,53.13,10291.5,14.97,0.04,84.910004,0,0,0
2004-11-01,2.07,4.19,2.12,5.03,1.17,1173.8243,48.46,10264,13.58,0.04,81.82,0,0,0
2004-12-01,2.19,4.23,2.04,5.04,1.13,1211.9163,43.33,10654.8,12.46,0,80.849998,0,0,0
2005-01-01,2.33,4.22,1.89,5.13,1.17,1181.2681,46.84,10306.8,13.44,0.08,83.599998,0,0,0
2005-02-01,2.54,4.17,1.63,5.11,1.14,1203.6001,47.97,10306.2,11.71,0.04,82.510002,0,0,0
2005-03-01,2.74,4.5,1.76,5.5,1.18,1180.591,54.31,10347.8,13.13,0.08,84.059998,0,0,0
2005-04-01,2.78,4.34,1.56,5.65,1.47,1156.8475,53.04,10378.9,14.46,0.02,84.43,0,0,0
2005-05-01,2.84,4.14,1.3,5.65,1.61,1191.4998,49.83,10432.3,13.97,0.02,87.760002,0,0,0
2005-06-01,2.97,4,1.03,5.26,1.32,1191.3276,56.26,10466,11.87,0.12,89.110001,0,0,0
2005-07-01,3.22,4.18,0.96,5.4,1.27,1234.1794,58.7,10500.9,11.05,0.62,89.349998,0,0,0
2005-08-01,3.44,4.26,0.82,5.46,1.22,1220.3309,64.97,10500.7,12.95,2.2,87.580002,0,0,0
2005-09-01,3.42,4.2,0.78,5.39,1.23,1228.8114,65.57,10469.1,12.63,11.04,89.519997,0,0,0
2005-10-01,3.71,4.46,0.75,5.71,1.26,1207.0059,62.37,10541.8,14.94,0.1,90.07,0,0,0
2005-11-01,3.88,4.54,0.66,5.88,1.32,1249.4791,58.3,10614.8,12.15,0,91.57,0,0,0
2005-12-01,3.89,4.47,0.58,5.88,1.37,1248.293,59.43,10665.6,11.26,0,91.169998,0,0,0
2006-01-01,4.24,4.42,0.18,5.65,1.2,1280.0848,65.51,10773.5,12.04,0.02,88.959999,0,0,0
2006-02-01,4.43,4.57,0.14,5.78,1.14,1280.6643,61.63,10855.3,12.47,0.06,90.110001,0,0,0
2006-03-01,4.51,4.72,0.21,5.92,1.14,1294.8279,62.9,10906.5,11.69,0.12,89.730003,0,0,0
2006-04-01,4.6,4.99,0.39,6.15,1.15,1310.6119,69.69,10915.7,11.85,0.36,86.110001,0,0,0
2006-05-01,4.72,5.11,0.39,6.23,1.13,1270.0898,70.94,10899.4,14.45,0.22,84.720001,0,0,0
2006-06-01,4.79,5.11,0.32,6.37,1.24,1270.2043,70.96,10910.2,16.92,0.12,85.220001,0,0,0
2006-07-01,4.95,5.09,0.14,6.38,1.27,1276.6604,74.41,10897.3,15.33,0.22,85.300003,0,0,0
2006-08-01,4.96,4.88,-0.08,6.18,1.27,1303.8185,73.05,10884.7,13.35,0.16,85.050003,0,0,0
2006-09-01,4.81,4.72,-0.09,6.02,1.27,1335.847,63.87,10955.9,12.18,0.14,85.970001,0,0,0
2006-10-01,4.92,4.73,-0.19,6.03,1.27,1377.9426,58.88,11030.8,11.31,0.12,85.32,0,0,0
2006-11-01,4.94,4.6,-0.34,5.87,1.22,1400.6344,59.37,11091.2,10.82,0.04,82.919998,0,0,0
2006-12-01,4.85,4.56,-0.29,5.83,1.22,1418.3005,62.03,11146.8,10.96,0,83.720001,0,0,0
2007-01-01,4.98,4.76,-0.22,5.99,1.19,1438.2429,54.57,11129.6,11.04,0.16,84.610001,0,0,0
2007-02-01,5.03,4.72,-0.31,5.91,1.14,1406.819,59.26,11172.7,11.16,0.06,83.57,0,0,0
2007-03-01,4.94,4.56,-0.38,5.81,1.19,1420.8638,60.56,11220.1,15.16,0.04,82.93,0,0,0
2007-04-01,4.87,4.69,-0.18,5.92,1.21,1482.3673,63.97,11252.5,12.93,0.04,81.449997,0,0,0
2007-05-01,4.73,4.75,0.02,5.96,1.18,1530.6212,63.46,11260.7,13.3,0.22,82.300003,0,0,0
2007-06-01,4.61,5.1,0.49,6.32,1.22,1503.3486,67.48,11256.3,14.95,0.3,81.919998,0,0,0
2007-07-01,4.82,5,0.18,6.34,1.36,1455.2748,74.18,11259.9,17.27,0.66,80.769997,0,0,0
2007-08-01,4.2,4.67,0.47,6.34,1.7,1473.9879,72.39,11248.8,25.03,0.56,80.790001,0,0,0
2007-09-01,3.89,4.52,0.63,6.23,1.81,1526.7467,79.93,11261.1,22.2,0.64,77.720001,0,0,0
2007-10-01,3.9,4.53,0.63,6.16,1.75,1549.3773,86.2,11250.6,19.12,1.6,76.480003,0,0,0
2007-11-01,3.27,4.15,0.88,6.09,2.11,1481.1432,94.62,11242.8,25.58,2.48,76.150002,0,0,0
2007-12-01,3,4.1,1.1,6.31,2.43,1468.3552,91.73,11273.1,21.65,9.34,76.699997,0,1,1
2008-01-01,2.75,3.74,0.99,6.09,2.65,1378.5472,92.95,11263.3,25.82,24.46,75.18,1,1,2
2008-02-01,2.12,3.74,1.62,6.22,2.89,1330.6329,95.35,11263.4,25.46,48.34,73.709999,1,1,2
2008-03-01,1.26,3.51,2.25,6.43,3.4,1322.7035,105.56,11260.6,27.1,65.64,71.800003,1,1,2
2008-04-01,1.29,3.68,2.39,6.55,3.26,1385.5865,112.57,11192.7,21.56,78.4,72.510002,1,1,2
2008-05-01,1.73,3.88,2.15,6.52,2.93,1400.3767,125.39,11146.1,18.3,85.22,72.879997,1,1,2
2008-06-01,1.86,4.1,2.24,6.69,2.87,1280.0012,133.93,11086.5,22.11,89.52,72.459999,1,1,2
2008-07-01,1.63,4.01,2.38,6.88,3.21,1267.3809,133.44,11040.1,24.32,96.26,73.230003,1,1,2
2008-08-01,1.72,3.89,2.17,6.92,3.39,1282.828,116.61,11090.4,20.7,99.76,77.379997,1,1,2
2008-09-01,1.13,3.69,2.56,7.14,3.87,1166.3615,103.9,11086.5,30.3,99.98,79.449997,1,1,2
2008-10-01,0.67,3.81,3.14,9.18,6.04,968.7538,76.65,11152.8,61.18,90.12,85.629997,1,1,2
2008-11-01,0.19,3.53,3.34,9.91,7.17,896.237136,57.44,11209.4,62.67,99.9,86.519997,1,1,2
2008-12-01,0.03,2.42,2.39,9.79,7.89,903.254921,41.02,11080.3,52.36,100,81.309998,1,1,2
2009-01-01,0.13,2.52,2.39,9.19,7.16,825.881653,41.74,10880.7,44.68,100,86,1,1,2
2009-02-01,0.3,2.87,2.57,9.09,6.72,735.092182,39.16,10704.9,45.57,99.92,88.010002,1,1,2
2009-03-01,0.21,2.82,2.61,9.5,7.19,797.866805,47.98,10631.6,44.8,99.94,85.43,1,1,2
2009-04-01,0.16,2.93,2.77,9.14,6.83,872.807229,49.79,10616.3,38.06,98.56,84.610001,1,1,2
2009-05-01,0.18,3.29,3.11,8.23,5.65,919.139863,59.16,10604.5,31.98,91.76,80.43,1,1,2
2009-06-01,0.18,3.72,3.54,7.52,4.52,919.323942,69.68,10521.4,29.14,67.62,80.129997,1,0,1
2009-07-01,0.18,3.56,3.38,6.98,4.14,987.475178,64.09,10472,26.16,3.22,78.349998,0,0,0
2009-08-01,0.17,3.59,3.42,6.34,3.41,1020.624637,71.06,10447.3,25.34,0.72,78.169998,0,0,0
2009-09-01,0.12,3.4,3.28,5.93,3.19,1057.078558,69.46,10440.8,24.93,0.48,76.650002,0,0,0
2009-10-01,0.07,3.39,3.32,5.72,2.98,1036.194537,75.82,10439.9,24.25,0.32,76.300003,0,0,0
2009-11-01,0.05,3.4,3.35,5.55,2.85,1095.629558,78.08,10473.7,23.79,0.1,74.879997,0,0,0
2009-12-01,0.05,3.59,3.54,5.48,2.66,1115.102681,74.3,10505.5,21.24,0.1,77.860001,0,0,0
2010-01-01,0.06,3.73,3.67,5.25,2.33,1073.869364,78.22,10490.7,20.64,0.06,79.459999,0,0,0
2010-02-01,0.11,3.69,3.58,5.22,2.34,1104.49337,76.42,10487,22.54,0.02,80.360001,0,0,0
2010-03-01,0.15,3.73,3.58,5.13,2.18,1169.431193,81.24,10529.1,17.77,0,81.07,0,0,0
2010-04-01,0.16,3.85,3.69,5.04,1.96,1186.689377,84.48,10638.7,17.42,0,81.870003,0,0,0
2010-05-01,0.16,3.42,3.26,5.01,2.29,1089.405844,73.84,10740.6,31.93,0,86.589996,0,0,0
2010-06-01,0.12,3.2,3.08,5.12,2.58,1030.710083,75.35,10755.9,29.92,0.28,86.019997,0,0,0
2010-07-01,0.16,3.01,2.85,4.87,2.53,1101.597352,76.37,10789.5,25.57,0.16,81.540001,0,0,0
2010-08-01,0.16,2.7,2.54,4.5,2.42,1049.326457,76.82,10811.8,24.75,0.14,83.199997,0,0,0
2010-09-01,0.15,2.65,2.5,4.44,2.39,1141.201157,75.31,10824.2,22.52,0.14,78.720001,0,0,0
2010-10-01,0.13,2.54,2.41,4.24,2.31,1183.257734,81.9,10840.9,20.37,0.12,77.269997,0,0,0
2010-11-01,0.14,2.76,2.62,4.35,2.24,1180.552982,84.14,10859.3,20.1,0.06,81.199997,0,0,0
2010-12-01,0.14,3.29,3.15,4.72,2.15,1257.635988,89.04,10936.6,17.57,0.04,79.029999,0,0,0
2011-01-01,0.15,3.39,3.24,4.68,2.05,1286.120912,89.42,11109,17.32,0.06,77.739998,0,0,0
2011-02-01,0.13,3.58,3.45,4.75,1.93,1327.224192,89.58,11157.7,17.43,0.3,76.889999,0,0,0
2011-03-01,0.1,3.41,3.31,4.62,1.92,1325.826718,102.94,11129.7,20.72,0.06,75.860001,0,0,0
2011-04-01,0.06,3.46,3.4,4.58,1.86,1363.61221,110.04,11114.2,16.24,0.3,72.93,0,0,0
2011-05-01,0.04,3.17,3.13,4.35,1.9,1345.197335,101.33,11107.8,16.91,0.28,74.639999,0,0,0
2011-06-01,0.04,3,2.96,4.31,2.04,1320.639049,96.29,11169.8,19.15,0.06,74.300003,0,0,0
2011-07-01,0.04,3,2.96,4.31,2.04,1292.282805,97.19,11231.3,19.23,0.06,73.900002,0,0,0
2011-08-01,0.02,2.3,2.28,4.17,2.44,1218.893624,86.33,11227.3,35.03,0.06,74.129997,0,0,0
2011-09-01,0.01,1.98,1.97,4.34,2.84,1131.42036,85.61,11214,36.53,0.12,78.550003,0,0,0
2011-10-01,0.02,2.15,2.13,4.61,2.99,1253.296264,86.41,11219.3,32.83,0.02,76.169998,0,0,0
2011-11-01,0.01,2.01,2,4.45,2.96,1246.960067,97.21,11211.8,31.94,0.02,78.389999,0,0,0
2011-12-01,0.01,1.98,1.97,4.55,3.09,1257.604805,98.57,11330.5,25.05,0,80.169998,0,0,0
2012-01-01,0.03,1.97,1.94,4.43,3,1312.409597,100.24,11426.7,20.23,0,79.279999,0,0,0
2012-02-01,0.09,1.97,1.88,4.15,2.69,1365.682716,102.25,11514,18.42,0.04,78.730003,0,0,0
2012-03-01,0.08,2.17,2.09,4.09,2.46,1408.46786,106.19,11557.9,16.17,0.28,78.93,0,0,0
2012-04-01,0.08,2.05,1.97,4.05,2.52,1397.911996,103.33,11611.8,17.82,0.14,78.790001,0,0,0
2012-05-01,0.09,1.8,1.71,4.01,2.66,1310.329007,94.7,11611.6,21,0.24,83.040001,0,1,1
2012-06-01,0.09,1.62,1.53,4.04,2.8,1362.158745,82.41,11604.7,21.13,0.22,81.650002,0,1,1
2012-07-01,0.1,1.53,1.43,3.8,2.65,1379.323917,87.93,11527.5,17.56,0.18,82.639999,0,1,1
2012-08-01,0.1,1.68,1.58,3.72,2.46,1406.575669,94.16,11513.8,15.69,0.18,81.25,0,1,1
2012-09-01,0.11,1.72,1.61,3.58,2.31,1440.674503,94.72,11610.3,15.28,0.04,79.940002,0,1,1
2012-10-01,0.1,1.75,1.65,3.39,2.08,1412.157973,89.57,11712.5,16.28,0,79.919998,0,1,1
2012-11-01,0.09,1.65,1.56,3.35,2.11,1416.18157,86.66,11891.8,16.7,0.02,80.150002,0,1,1
2012-12-01,0.07,1.72,1.65,3.35,2.08,1426.187978,88.25,12227.2,17.34,0,79.769997,0,1,1
2013-01-01,0.07,1.91,1.84,3.32,1.93,1498.110926,94.69,11508.6,13.51,0.04,79.209999,0,1,1
2013-02-01,0.1,1.98,1.88,3.41,1.97,1514.678268,95.32,11481.2,14.07,0.04,81.980003,0,1,1
2013-03-01,0.09,1.96,1.87,3.37,1.96,1569.185872,93.05,11517.7,13.03,0.04,82.989998,0,1,1
2013-04-01,0.06,1.76,1.7,3.25,1.98,1597.56567,92.07,11580,13.97,0.06,81.730003,0,1,1
2013-05-01,0.04,1.93,1.89,3.3,1.9,1630.741889,94.8,11631.6,13.49,0.08,83.379997,0,1,1
2013-06-01,0.05,2.3,2.25,3.82,2.12,1606.277608,95.8,11629.7,17.27,0.12,83.169998,0,1,1
2013-07-01,0.04,2.58,2.54,4.01,2.12,1685.725016,104.61,11605.6,13.97,0.18,81.449997,0,1,1
2013-08-01,0.04,2.74,2.7,4.07,2.08,1632.971152,106.57,11628.9,14.21,0,82.089996,0,1,1
2013-09-01,0.02,2.81,2.79,4.13,2.07,1681.546662,106.29,11681.3,14.69,0.04,80.220001,0,1,1
2013-10-01,0.05,2.62,2.57,3.92,2,1756.544634,100.54,11651.7,15.41,0.04,80.199997,0,1,1
2013-11-01,0.07,2.72,2.65,3.89,1.94,1805.812689,93.86,11697,12.92,0.04,80.68,0,1,1
2013-12-01,0.07,2.9,2.83,3.9,1.81,1848.356521,97.63,11731.6,14.19,0.22,80.040001,0,1,1
2014-01-01,0.04,2.86,2.82,3.81,1.72,1782.586967,94.62,11800.5,14.24,0.18,81.269997,0,1,1
2014-02-01,0.05,2.71,2.66,3.71,1.72,1859.449372,100.82,11870.9,15.47,0.02,79.779999,0,1,1
2014-03-01,0.05,2.72,2.67,3.7,1.66,1872.335179,100.8,11933,14.84,0.04,80.099998,0,0,0
2014-04-01,0.03,2.71,2.68,3.62,1.56,1883.95013,102.07,11965.2,14.2,0.06,79.489998,0,0,0
2014-05-01,0.03,2.56,2.53,3.47,1.52,1923.572661,102.18,11993.1,12.48,0,80.370003,0,0,0
2014-06-01,0.04,2.6,2.56,3.47,1.45,1960.23124,105.79,12042.7,11.54,0.02,79.779999,0,0,0
2014-07-01,0.03,2.54,2.51,3.46,1.44,1930.673871,103.59,12085.3,12.3,0.06,81.459999,0,0,0
2014-08-01,0.03,2.42,2.39,3.44,1.51,2003.367695,96.54,12150.7,13.49,0.12,82.75,0,0,0
2014-09-01,0.02,2.53,2.51,3.54,1.51,1972.285145,93.21,12196.7,13.47,0.06,85.940002,0,0,0
2014-10-01,0.02,2.3,2.28,3.5,1.66,2018.054503,84.4,12257,18.06,0.06,86.879997,0,0,0
2014-11-01,0.02,2.33,2.31,3.63,1.75,2067.562045,75.79,12329.5,13.41,0.06,88.360001,0,0,0
2014-12-01,0.03,2.21,2.18,3.78,1.95,2058.902379,59.29,12408.3,16.29,0.22,90.269997,0,0,0
2015-01-01,0.03,1.88,1.85,3.64,2.08,1994.990412,47.22,12507.8,19.12,0.96,94.800003,0,0,0
2015-02-01,0.02,1.98,1.96,3.65,1.97,2104.503249,50.58,12552.7,15.9,1.38,95.25,0,0,0
2015-03-01,0.03,2.04,2.01,3.56,1.82,2067.887241,47.82,12508.2,14.81,1.24,98.360001,0,0,0
2015-04-01,0.02,1.94,1.92,3.41,1.78,2085.513653,54.45,12543.4,13.49,0.94,94.599998,0,1,1
2015-05-01,0.02,2.2,2.18,3.63,1.78,2107.389578,59.27,12569.5,13.34,0.74,96.910004,0,1,1
2015-06-01,0.02,2.36,2.34,3.85,1.87,2063.111832,59.82,12576.7,14.34,0.56,95.489998,0,1,1
2015-07-01,0.03,2.32,2.29,3.9,1.98,2103.835365,50.9,12599.4,14.35,0.36,97.370003,0,1,1
2015-08-01,0.07,2.17,2.1,4,2.18,1972.184689,42.87,12627.1,19.43,0.38,95.949997,0,1,1
2015-09-01,0.02,2.17,2.15,4.07,2.25,1920.026552,45.48,12663,24.38,0.6,96.349998,0,1,1
2015-10-01,0.02,2.07,2.05,4.04,2.31,2079.359837,46.22,12700.5,16.79,0.8,96.949997,0,1,1
2015-11-01,0.12,2.26,2.14,4.16,2.21,2080.406829,42.44,12694.1,16.21,1.24,100.169998,0,1,1
2015-12-01,0.23,2.24,2.01,4.32,2.36,2043.936863,37.19,12743.1,18.03,1,98.629997,0,1,1
2016-01-01,0.26,2.09,1.83,4.41,2.62,1940.239678,31.68,12751.1,23.72,0.52,99.610001,0,1,1
2016-02-01,0.31,1.78,1.47,4.46,2.93,1932.226395,30.32,12745.9,22.52,0.68,98.209999,0,1,1
2016-03-01,0.29,1.89,1.6,4.16,2.5,2059.741177,37.55,12745.1,15.85,0.7,94.589996,0,1,1
2016-04-01,0.23,1.81,1.58,3.76,2.19,2065.296301,40.75,12725.5,14.3,0.38,93.080002,0,1,1
2016-05-01,0.27,1.81,1.54,3.69,2.1,2096.964195,46.71,12719.2,14.85,0.46,95.889999,0,1,1
2016-06-01,0.27,1.64,1.37,3.54,2.1,2098.855227,48.76,12735.5,17.77,0.1,96.139999,0,1,1
2016-07-01,0.3,1.5,1.2,3.33,2,2173.60386,44.65,12787.7,13.16,0.04,95.529999,0,1,1
2016-08-01,0.3,1.56,1.26,3.28,1.88,2170.946958,44.72,12793.7,12.4,0.06,96.019997,0,1,1
2016-09-01,0.29,1.63,1.34,3.3,1.84,2168.27209,45.18,12830.4,14.22,0.08,95.459999,0,1,1
2016-10-01,0.33,1.76,1.43,3.35,1.77,2126.153297,49.78,12841,14.59,0.22,98.449997,0,1,1
2016-11-01,0.45,2.14,1.69,3.67,1.78,2198.810449,45.66,12881.2,15.24,0.1,101.5,0,1,1
2016-12-01,0.51,2.49,1.98,3.86,1.68,2238.826682,51.97,12917.3,12.47,0.02,102.389999,0,1,1
2017-01-01,0.51,2.43,1.92,3.75,1.62,2278.866891,52.5,12961.8,11.61,0.08,99.510002,0,1,1
2017-02-01,0.52,2.42,1.9,3.7,1.58,2363.638197,53.47,13002.5,11.53,0.12,101.120003,0,1,1
2017-03-01,0.74,2.48,1.74,3.76,1.54,2362.71822,49.33,13053.8,11.9,0.04,100.349998,0,1,1
2017-04-01,0.8,2.3,1.5,3.64,1.57,2384.195518,51.06,13084.5,13.14,0,99.050003,0,0,0
2017-05-01,0.89,2.3,1.41,3.59,1.5,2411.797324,48.48,13174.4,10.86,0.04,96.919998,0,0,0
2017-06-01,0.98,2.19,1.21,3.5,1.49,2423.408891,45.18,13179.2,10.51,0.1,95.660004,0,0,0
2017-07-01,1.07,2.32,1.25,3.52,1.41,2470.300025,46.63,13220.1,10.26,0.14,92.860001,0,0,0
2017-08-01,1.01,2.21,1.2,3.47,1.45,2471.650208,48.04,13232.1,11.98,0.32,92.669998,0,0,0
2017-09-01,1.03,2.2,1.17,3.47,1.44,2519.359672,49.82,13265,10.44,0.08,93.080002,0,0,0
2017-10-01,1.07,2.36,1.29,3.5,1.32,2575.26383,51.58,13309,10.13,0.02,94.550003,0,0,0
2017-11-01,1.23,2.35,1.12,3.56,1.35,2647.579927,56.64,13360.3,10.54,0.04,93.010002,0,0,0
2017-12-01,1.32,2.4,1.08,3.59,1.3,2673.610523,57.88,13387.6,10.26,0.08,92.120003,0,0,0
2018-01-01,1.41,2.58,1.17,3.68,1.22,2823.809937,63.7,13379.4,11.06,0.14,89.129997,0,0,0
2018-02-01,1.57,2.86,1.29,3.94,1.23,2713.830539,62.23,13397.4,22.46,0.06,90.610001,0,0,0
2018-03-01,1.7,2.84,1.14,4.09,1.37,2640.86599,62.73,13423.2,19.02,0.02,89.970001,0,0,0
2018-04-01,1.76,2.87,1.11,4.17,1.41,2648.049365,66.25,13443.2,18.27,0.02,91.839996,0,0,0
2018-05-01,1.86,2.98,1.12,4.33,1.47,2705.274752,69.98,13478.9,14.12,0.2,93.989998,0,0,0
2018-06-01,1.9,2.91,1.01,4.39,1.56,2718.373465,67.87,13532.4,13.68,0,94.629997,0,0,0
2018-07-01,1.96,2.89,0.93,4.37,1.55,2816.288631,70.98,13605.1,13.15,0.06,94.489998,0,0,0
2018-08-01,2.03,2.89,0.86,4.32,1.5,2901.517677,68.06,13663.3,12.55,0.04,95.139999,0,0,0
2018-09-01,2.13,3,0.87,4.41,1.47,2913.97814,70.23,13663.7,12.91,0.24,95.190002,0,0,0
2018-10-01,2.25,3.15,0.9,4.56,1.48,2711.744408,70.75,13690.1,19.35,0.28,97.129997,0,0,0
2018-11-01,2.33,3.12,0.79,4.73,1.68,2760.174257,56.96,13736.2,19.39,0.18,97.269997,0,0,0
2018-12-01,2.37,2.83,0.46,4.73,1.92,2506.847183,49.52,13919.2,24.95,0.2,96.169998,0,0,0
2019-01-01,2.37,2.71,0.34,4.6,1.92,2704.10058,51.38,13911.2,19.57,0.8,95.580002,0,0,0
2019-02-01,2.39,2.68,0.29,4.37,1.72,2784.491359,54.95,13967.1,15.23,0.98,96.160004,0,0,0
2019-03-01,2.4,2.57,0.17,4.19,1.64,2834.39982,58.15,13994.1,14.49,0.82,97.279999,0,0,0
2019-04-01,2.38,2.53,0.15,4.05,1.54,2945.830887,63.86,13978.8,12.95,0.74,97.480003,0,0,0
2019-05-01,2.35,2.4,0.04,3.96,1.58,2752.062886,60.83,13982.3,16.72,0.48,97.75,0,0,0
2019-06-01,2.17,2.07,-0.1,3.7,1.65,2941.760637,54.66,13997.8,15.84,0.3,96.129997,0,0,0
2019-07-01,2.1,2.06,-0.04,3.56,1.51,2980.378854,57.35,14002.8,13.31,0.34,98.519997,0,0,0
2019-08-01,1.95,1.63,-0.32,3.3,1.62,2926.458129,54.81,14081.3,18.98,0.08,98.919998,0,0,0
2019-09-01,1.89,1.7,-0.19,3.32,1.57,2976.737272,56.95,14115,15.56,0.52,99.379997,0,0,0
2019-10-01,1.65,1.71,0.06,3.27,1.54,3037.564435,53.96,14140.6,15.47,1.04,97.349998,0,0,0
2019-11-01,1.54,1.81,0.27,3.27,1.44,3140.980628,57.03,14218.2,12.52,0.26,98.269997,0,0,0
2019-12-01,1.54,1.86,0.32,3.22,1.35,3230.78195,59.88,14175.3,13.76,0.54,96.389999,0,0,0
2020-01-01,1.52,1.76,0.24,3.07,1.31,3225.516316,57.52,14312.2,13.94,0.3,97.389999,0,0,0
2020-02-01,1.52,1.5,-0.02,2.9,1.39,2954.223684,50.54,14415.4,19.63,0.06,98.129997,0,1,1
2020-03-01,0.29,0.87,0.58,4.06,3.23,2584.59076,29.21,14058.3,57.74,100,99.050003,1,1,2
2020-04-01,0.14,0.66,0.52,3.96,3.35,2912.430525,16.55,13240.1,41.45,100,99.019997,1,1,2
2020-05-01,0.13,0.67,0.54,3.32,2.71,3044.305155,28.56,13517.4,30.9,0.1,98.339996,0,1,1
2020-06-01,0.16,0.73,0.57,2.78,2.12,3100.285129,38.31,13785.7,31.12,0.02,97.389999,0,0,0
2020-07-01,0.13,0.62,0.49,2.48,1.91,3271.12488,40.71,13907.8,26.84,0.06,93.489998,0,0,0
2020-08-01,0.1,0.65,0.55,2.36,1.78,3500.30852,42.34,14041.6,22.89,0,92.139999,0,0,0
2020-09-01,0.11,0.68,0.57,2.37,1.77,3362.998988,39.63,14171.7,27.65,0.02,93.889999,0,0,0
2020-10-01,0.1,0.79,0.69,2.4,1.72,3269.959086,39.4,14366.3,29.44,0.02,94.040001,0,0,0
2020-11-01,0.09,0.87,0.78,2.27,1.53,3621.633431,40.94,14324.8,25,0.34,91.870003,0,0,0
2020-12-01,0.09,0.93,0.84,2.12,1.35,3756.071469,47.02,14314.6,22.37,0.1,89.940002,0,0,0
2021-01-01,0.08,1.08,1,2.13,1.27,3714.24269,52,14204.9,24.91,0.02,90.580002,0,0,0
2021-02-01,0.04,1.26,1.22,2.21,1.22,3811.14975,59.04,14187.1,23.14,0,90.93,0,0,0
2021-03-01,0.03,1.61,1.58,2.49,1.24,3972.892208,62.33,14270.1,21.84,0,93.230003,0,0,0
2021-04-01,0.02,1.64,1.62,2.44,1.17,4181.174895,61.72,14358.2,17.42,0.44,91.279999,0,0,0
2021-05-01,0.02,1.62,1.6,2.4,1.14,4204.110546,65.17,14410.4,19.76,0.16,89.839996,0,0,0
2021-06-01,0.04,1.52,1.48,2.32,1.1,4297.496632,71.38,14436.8,16.96,0.04,92.440002,0,0,0
2021-07-01,0.05,1.32,1.27,2.21,1.11,4395.263972,72.49,14482.6,17.6,0,92.169998,0,0,0
2021-08-01,0.05,1.28,1.23,2.24,1.15,4522.680119,67.73,14476.1,17.47,0.16,92.629997,0,0,0
2021-09-01,0.04,1.37,1.33,2.25,1.11,4307.538751,71.65,14516.5,19.82,0.32,94.25,0,0,0
2021-10-01,0.05,1.58,1.53,2.44,1.11,4605.376648,81.48,14588.7,17.87,0,94.120003,0,0,0
2021-11-01,0.05,1.56,1.51,2.51,1.15,4567.001494,79.15,14599.9,18.5,0.02,95.989998,0,0,0
2021-12-01,0.06,1.47,1.41,2.58,1.23,4766.182972,71.71,14579.5,21.35,0.26,95.669998,0,0,0
2022-01-01,0.15,1.76,1.61,2.87,1.23,4515.547579,83.22,14515,23.18,0.06,96.540001,0,0,0
2022-02-01,0.33,1.93,1.6,3.3,1.41,4373.939149,91.64,14526.8,25.75,0,96.709999,0,0,0
2022-03-01,0.44,2.13,1.69,3.84,1.69,4530.413452,108.5,14481.6,26.97,0.22,98.309998,0,0,0
2022-04-01,0.76,2.75,1.99,4.3,1.56,4131.92641,101.78,14481.1,24.37,0.42,102.959999,0,0,0
2022-05-01,0.98,2.9,1.92,4.66,1.79,4132.147782,109.55,14473.2,29.31,0.36,101.75,0,0,0
2022-06-01,1.49,3.14,1.65,5.01,1.82,3785.384846,114.84,14407.9,28.23,0.14,104.690002,0,0,0
2022-07-01,2.23,2.9,0.67,5,1.98,4130.285774,101.62,14559.1,25,0.02,105.900002,0,0,0
2022-08-01,2.63,2.9,0.27,4.92,1.82,3954.999001,93.67,14618.2,22.17,0.1,108.699997,0,0,0
2022-09-01,3.13,3.52,0.39,5.59,1.89,3585.624104,84.26,14653.2,27.34,0.14,112.120003,0,0,0
2022-10-01,3.72,3.98,0.26,6.25,2.05,3871.977221,87.55,14618.1,30.01,0.68,111.529999,0,0,0
2022-11-01,4.15,3.89,-0.26,6.01,1.86,4080.106552,84.37,14607,23.3,1.08,105.949997,0,0,0
2022-12-01,4.25,3.62,-0.63,5.61,1.72,3839.496587,76.44,14604.2,21.78,1.3,103.519997,0,0,0
2023-01-01,4.54,3.53,-1.01,5.42,1.63,4076.603819,78.12,14623.3,20.17,0.12,102.099998,0,0,0
2023-02-01,4.65,3.75,-0.9,5.59,1.55,3970.153442,76.83,14622.7,20.12,0.36,104.870003,0,0,0
2023-03-01,4.69,3.66,-1.03,5.73,1.77,4109.312445,73.28,14664.3,21.64,0.32,102.510002,0,0,0
2023-04-01,4.92,3.46,-1.46,5.46,1.73,4169.481401,79.45,14659,17.82,0.22,101.669998,0,0,0
2023-05-01,5.14,3.57,-1.57,5.65,1.8,4179.825462,71.58,14702.7,17.64,0.62,104.32,0,0,0
2023-06-01,5.16,3.75,-1.41,5.8,1.69,4450.381312,68.11,,14,,102.910004,0,0,0
